Line,set(),{'la_1'},{'lo_1'},{'a_2'},{'o_2'},{'e_1'},"{'i_2', 'o_2'}",{'i_2'},"{'e_1', 'a_2'}","{'e_1', 'o_2'}","{'i_2', 'a_2'}"
0,10.1,10.0,,,,,,,,,
1,10.1,10.0,10.0,,,,,,,,
2,10.1,0,0,10.0,10.0,10.2,,,,,
3,10.1,0,0,10.0,10.1,10.2,,,,,
4,10.1,0,0,10.1,10.1,10.2,,,,,
5,10.1,0,0,10.399999999999999,10.1,10.2,,,,,
6,10.1,0,0,10.599999999999998,10.1,10.2,,,,,
7,10.1,0,0,10.599999999999998,10.2,10.2,,,,,
8,10.1,0,0,10.799999999999997,10.2,10.2,,,,,
9,10.1,0,0,10.899999999999997,10.2,10.2,,,,,
10,10.2,0,0,10.999999999999996,10.299999999999999,10.2,10.0,,,,
11,10.2,0,0,11.099999999999996,10.399999999999999,10.2,10.0,10.2,,,
12,10.2,0,0,11.199999999999996,10.499999999999998,10.2,10.0,10.2,10.0,,
13,10.2,0,0,11.299999999999995,10.499999999999998,10.2,10.0,10.2,10.0,,
14,10.2,0,0,11.399999999999995,10.599999999999998,10.299999999999999,10.0,10.2,10.0,,
15,10.2,0,0,11.399999999999995,10.899999999999997,10.299999999999999,10.0,10.2,10.0,,
16,10.2,0,0,11.499999999999995,10.999999999999996,10.299999999999999,10.0,10.2,10.0,,
17,10.2,0,0,11.499999999999995,11.499999999999995,10.299999999999999,10.0,10.2,10.0,,
18,10.2,0,0,11.499999999999995,11.899999999999993,10.399999999999999,10.0,10.2,10.0,,
19,10.2,0,0,11.899999999999993,11.899999999999993,10.399999999999999,10.0,10.2,10.0,,
20,10.2,0,0,11.899999999999993,11.999999999999993,10.399999999999999,10.1,10.2,10.0,,
21,10.2,0,0,11.899999999999993,12.299999999999992,10.399999999999999,10.1,10.2,10.0,,
22,10.2,0,0,12.099999999999993,12.299999999999992,10.399999999999999,10.1,10.2,10.2,,
23,10.2,0,0,12.199999999999992,12.399999999999991,10.399999999999999,10.1,10.2,10.2,,
24,10.2,0,0,12.199999999999992,12.499999999999991,10.399999999999999,10.1,10.2,10.2,,
25,10.2,0,0,12.199999999999992,12.79999999999999,10.399999999999999,10.1,10.2,10.2,10.0,
26,10.2,0,0,12.199999999999992,13.199999999999989,10.399999999999999,10.1,10.2,10.2,10.0,
27,10.2,0,0,12.299999999999992,13.299999999999988,10.399999999999999,10.1,10.299999999999999,10.2,10.0,
28,10.2,0,0,12.399999999999991,13.299999999999988,10.399999999999999,10.1,10.299999999999999,10.2,10.0,
29,10.2,0,0,12.79999999999999,13.299999999999988,10.399999999999999,10.1,10.299999999999999,10.2,10.0,
30,10.2,0,0,12.79999999999999,13.399999999999988,10.399999999999999,10.1,10.299999999999999,10.2,10.0,
31,10.2,0,0,13.099999999999989,13.399999999999988,10.399999999999999,10.1,10.299999999999999,10.2,10.0,10.2
32,10.2,0,0,13.199999999999989,13.499999999999988,10.499999999999998,10.1,10.299999999999999,10.2,10.0,10.2
33,10.2,0,0,13.199999999999989,13.699999999999987,10.499999999999998,10.1,10.299999999999999,10.2,10.0,10.2
34,10.2,0,0,13.299999999999988,13.799999999999986,10.499999999999998,10.1,10.299999999999999,10.299999999999999,10.0,10.2
35,10.2,0,0,13.399999999999988,13.899999999999986,10.499999999999998,10.1,10.299999999999999,10.299999999999999,10.0,10.2
36,10.2,0,0,13.399999999999988,13.999999999999986,10.499999999999998,10.2,10.299999999999999,10.299999999999999,10.0,10.2
37,10.2,0,0,13.399999999999988,14.199999999999985,10.499999999999998,10.2,10.299999999999999,10.299999999999999,10.0,10.2
38,10.2,0,0,13.499999999999988,14.199999999999985,10.499999999999998,10.2,10.299999999999999,10.299999999999999,10.0,10.2
39,10.2,0,0,13.499999999999988,14.299999999999985,10.499999999999998,10.299999999999999,10.299999999999999,10.299999999999999,10.0,10.2
40,10.2,0,0,13.499999999999988,14.699999999999983,10.499999999999998,10.299999999999999,10.299999999999999,10.299999999999999,10.0,10.2
41,10.2,0,0,13.599999999999987,14.799999999999983,10.599999999999998,10.299999999999999,10.299999999999999,10.799999999999999,10.0,10.2
42,10.2,0,0,13.699999999999987,14.899999999999983,10.599999999999998,10.299999999999999,10.299999999999999,10.799999999999999,10.0,10.2
43,10.2,0,0,13.899999999999986,14.899999999999983,10.599999999999998,10.299999999999999,10.299999999999999,10.799999999999999,10.0,10.2
44,10.2,0,0,14.199999999999985,14.899999999999983,10.599999999999998,10.299999999999999,10.299999999999999,10.799999999999999,10.0,10.2
45,10.2,0,0,14.599999999999984,14.899999999999983,10.599999999999998,10.299999999999999,10.299999999999999,10.799999999999999,10.0,10.2
46,10.2,0,0,14.599999999999984,15.199999999999982,10.599999999999998,10.799999999999999,10.299999999999999,10.799999999999999,10.0,10.2
47,10.2,0,0,14.699999999999983,15.299999999999981,10.599999999999998,10.799999999999999,10.299999999999999,10.799999999999999,10.0,10.2
48,10.2,0,0,14.699999999999983,15.69999999999998,10.599999999999998,10.799999999999999,10.299999999999999,10.799999999999999,10.0,10.2
49,10.2,0,0,14.799999999999983,15.79999999999998,10.599999999999998,10.799999999999999,10.299999999999999,10.799999999999999,10.0,10.2
50,10.2,0,0,14.799999999999983,15.999999999999979,10.599999999999998,10.799999999999999,10.299999999999999,10.799999999999999,10.0,10.2
51,10.2,0,0,14.899999999999983,16.09999999999998,10.599999999999998,10.799999999999999,10.299999999999999,10.899999999999999,10.0,10.2
52,10.2,0,0,14.999999999999982,16.19999999999998,10.599999999999998,10.799999999999999,10.399999999999999,10.899999999999999,10.0,10.2
53,10.2,0,0,14.999999999999982,16.79999999999999,10.599999999999998,11.299999999999999,10.399999999999999,10.899999999999999,10.5,10.2
54,10.2,0,0,15.099999999999982,16.89999999999999,10.599999999999998,11.299999999999999,10.399999999999999,10.899999999999999,10.5,10.299999999999999
55,10.2,0,0,15.299999999999981,16.89999999999999,10.599999999999998,11.299999999999999,10.399999999999999,10.899999999999999,10.5,10.299999999999999
56,10.2,0,0,15.39999999999998,16.999999999999993,10.599999999999998,11.299999999999999,10.399999999999999,10.999999999999998,10.5,10.299999999999999
57,10.2,0,0,15.39999999999998,17.199999999999996,10.599999999999998,11.299999999999999,10.399999999999999,10.999999999999998,10.5,10.299999999999999
58,10.2,0,0,15.59999999999998,17.199999999999996,10.599999999999998,11.299999999999999,10.399999999999999,10.999999999999998,10.5,10.299999999999999
59,10.2,0,0,15.899999999999979,17.199999999999996,10.599999999999998,11.299999999999999,10.399999999999999,11.099999999999998,10.5,10.299999999999999
60,10.2,0,0,15.999999999999979,17.299999999999997,10.699999999999998,11.299999999999999,10.399999999999999,11.099999999999998,10.5,10.299999999999999
61,10.2,0,0,16.09999999999998,17.4,10.699999999999998,11.299999999999999,10.399999999999999,11.099999999999998,10.5,10.299999999999999
62,10.2,0,0,16.19999999999998,17.5,10.699999999999998,11.299999999999999,10.499999999999998,11.099999999999998,10.5,10.299999999999999
63,10.2,0,0,16.499999999999986,17.5,10.699999999999998,11.299999999999999,10.499999999999998,11.099999999999998,10.5,10.299999999999999
64,10.2,0,0,16.499999999999986,17.6,10.699999999999998,11.499999999999998,10.499999999999998,11.099999999999998,10.5,10.299999999999999
65,10.2,0,0,16.79999999999999,17.6,10.699999999999998,11.499999999999998,10.499999999999998,11.199999999999998,10.5,10.399999999999999
66,10.2,0,0,16.79999999999999,18.000000000000007,10.699999999999998,11.999999999999998,10.499999999999998,11.199999999999998,11.1,10.399999999999999
67,10.2,0,0,16.79999999999999,18.20000000000001,10.699999999999998,11.999999999999998,10.499999999999998,11.199999999999998,11.1,10.399999999999999
68,10.299999999999999,0,0,16.79999999999999,18.500000000000014,10.699999999999998,11.999999999999998,10.499999999999998,11.199999999999998,11.1,10.399999999999999
69,10.299999999999999,0,0,16.79999999999999,18.600000000000016,10.699999999999998,11.999999999999998,10.499999999999998,11.199999999999998,11.1,10.399999999999999
70,10.299999999999999,0,0,16.79999999999999,19.00000000000002,10.699999999999998,11.999999999999998,10.499999999999998,11.199999999999998,11.299999999999999,10.399999999999999
71,10.299999999999999,0,0,16.999999999999993,19.00000000000002,10.699999999999998,11.999999999999998,10.599999999999998,11.199999999999998,11.299999999999999,10.399999999999999
72,10.299999999999999,0,0,16.999999999999993,19.400000000000027,10.699999999999998,11.999999999999998,10.599999999999998,11.199999999999998,11.299999999999999,10.399999999999999
73,10.299999999999999,0,0,17.199999999999996,19.400000000000027,10.699999999999998,11.999999999999998,10.599999999999998,11.199999999999998,11.299999999999999,10.399999999999999
74,10.299999999999999,0,0,17.199999999999996,19.800000000000033,10.699999999999998,11.999999999999998,10.599999999999998,11.199999999999998,11.299999999999999,10.399999999999999
75,10.299999999999999,0,0,17.199999999999996,20.100000000000037,10.699999999999998,11.999999999999998,10.599999999999998,11.199999999999998,11.299999999999999,10.399999999999999
76,10.299999999999999,0,0,17.4,20.100000000000037,10.699999999999998,11.999999999999998,10.599999999999998,11.199999999999998,11.299999999999999,10.399999999999999
77,10.299999999999999,0,0,17.4,20.20000000000004,10.699999999999998,12.099999999999998,10.599999999999998,11.199999999999998,11.299999999999999,10.399999999999999
78,10.299999999999999,0,0,17.4,20.30000000000004,10.699999999999998,12.199999999999998,10.599999999999998,11.199999999999998,11.299999999999999,10.399999999999999
79,10.299999999999999,0,0,17.4,20.700000000000045,10.699999999999998,12.199999999999998,10.599999999999998,11.199999999999998,11.299999999999999,10.399999999999999
80,10.299999999999999,0,0,17.5,20.800000000000047,10.799999999999997,12.199999999999998,10.599999999999998,11.199999999999998,11.299999999999999,10.399999999999999
81,10.299999999999999,0,0,17.900000000000006,20.800000000000047,10.799999999999997,12.199999999999998,10.599999999999998,11.199999999999998,11.299999999999999,10.399999999999999
82,10.299999999999999,0,0,18.000000000000007,20.90000000000005,10.799999999999997,12.199999999999998,10.599999999999998,11.199999999999998,11.299999999999999,10.399999999999999
83,10.299999999999999,0,0,18.10000000000001,21.00000000000005,10.799999999999997,12.299999999999997,10.599999999999998,11.199999999999998,11.299999999999999,10.399999999999999
84,10.299999999999999,0,0,18.400000000000013,21.00000000000005,10.799999999999997,12.299999999999997,10.599999999999998,11.199999999999998,11.299999999999999,10.399999999999999
85,10.299999999999999,0,0,18.500000000000014,21.10000000000005,10.799999999999997,12.299999999999997,10.599999999999998,11.199999999999998,11.299999999999999,10.399999999999999
86,10.299999999999999,0,0,18.500000000000014,21.500000000000057,10.799999999999997,12.299999999999997,10.599999999999998,11.199999999999998,11.299999999999999,10.399999999999999
87,10.299999999999999,0,0,18.700000000000017,21.500000000000057,10.799999999999997,12.299999999999997,10.599999999999998,11.199999999999998,11.299999999999999,10.599999999999998
88,10.299999999999999,0,0,18.700000000000017,21.70000000000006,10.799999999999997,12.299999999999997,10.599999999999998,11.199999999999998,11.299999999999999,10.599999999999998
89,10.299999999999999,0,0,18.700000000000017,22.000000000000064,10.799999999999997,12.399999999999997,10.599999999999998,11.199999999999998,11.299999999999999,10.599999999999998
90,10.299999999999999,0,0,18.80000000000002,22.100000000000065,10.799999999999997,12.399999999999997,10.599999999999998,11.199999999999998,11.299999999999999,10.599999999999998
91,10.299999999999999,0,0,18.80000000000002,22.50000000000007,10.799999999999997,12.399999999999997,10.599999999999998,11.199999999999998,11.299999999999999,10.599999999999998
92,10.299999999999999,0,0,18.80000000000002,22.700000000000074,10.799999999999997,12.399999999999997,10.599999999999998,11.199999999999998,11.299999999999999,10.599999999999998
93,10.299999999999999,0,0,19.00000000000002,22.700000000000074,10.799999999999997,12.399999999999997,10.599999999999998,11.199999999999998,11.299999999999999,10.599999999999998
94,10.299999999999999,0,0,19.300000000000026,22.700000000000074,10.799999999999997,12.399999999999997,10.599999999999998,11.199999999999998,11.299999999999999,10.599999999999998
95,10.299999999999999,0,0,19.300000000000026,22.800000000000075,10.799999999999997,12.399999999999997,10.599999999999998,11.199999999999998,11.299999999999999,10.599999999999998
96,10.299999999999999,0,0,19.300000000000026,23.20000000000008,10.799999999999997,12.399999999999997,10.599999999999998,11.199999999999998,11.299999999999999,10.599999999999998
97,10.299999999999999,0,0,19.70000000000003,23.20000000000008,10.799999999999997,12.399999999999997,10.599999999999998,11.699999999999998,11.299999999999999,11.099999999999998
98,10.299999999999999,0,0,20.100000000000037,23.20000000000008,10.799999999999997,12.399999999999997,10.599999999999998,11.899999999999997,11.299999999999999,11.099999999999998
99,10.299999999999999,0,0,20.20000000000004,23.300000000000082,10.799999999999997,12.399999999999997,10.599999999999998,11.999999999999996,11.299999999999999,11.099999999999998
100,10.299999999999999,0,0,20.30000000000004,23.400000000000084,10.799999999999997,12.399999999999997,10.699999999999998,11.999999999999996,11.299999999999999,11.099999999999998
101,10.299999999999999,0,0,20.40000000000004,23.500000000000085,10.799999999999997,12.399999999999997,10.799999999999997,11.999999999999996,11.299999999999999,11.099999999999998
102,10.299999999999999,0,0,20.500000000000043,23.600000000000087,10.899999999999997,12.399999999999997,10.799999999999997,11.999999999999996,11.299999999999999,11.099999999999998
103,10.299999999999999,0,0,20.600000000000044,23.700000000000088,10.899999999999997,12.399999999999997,10.799999999999997,11.999999999999996,11.299999999999999,11.099999999999998
104,10.299999999999999,0,0,20.600000000000044,23.90000000000009,10.899999999999997,12.399999999999997,10.799999999999997,11.999999999999996,11.299999999999999,11.099999999999998
105,10.299999999999999,0,0,20.700000000000045,24.000000000000092,10.899999999999997,12.399999999999997,10.899999999999997,11.999999999999996,11.299999999999999,11.099999999999998
106,10.299999999999999,0,0,20.800000000000047,24.100000000000094,10.999999999999996,12.399999999999997,10.899999999999997,11.999999999999996,11.299999999999999,11.099999999999998
107,10.299999999999999,0,0,20.800000000000047,24.300000000000097,10.999999999999996,12.399999999999997,10.899999999999997,11.999999999999996,11.299999999999999,11.099999999999998
108,10.299999999999999,0,0,20.90000000000005,24.400000000000098,10.999999999999996,12.499999999999996,10.899999999999997,11.999999999999996,11.299999999999999,11.099999999999998
109,10.299999999999999,0,0,21.00000000000005,24.400000000000098,10.999999999999996,12.499999999999996,10.899999999999997,12.099999999999996,11.299999999999999,11.099999999999998
110,10.299999999999999,0,0,21.00000000000005,25.000000000000107,10.999999999999996,12.999999999999996,10.899999999999997,12.099999999999996,11.899999999999999,11.099999999999998
111,10.299999999999999,0,0,21.10000000000005,25.000000000000107,10.999999999999996,12.999999999999996,10.899999999999997,12.199999999999996,11.899999999999999,11.099999999999998
112,10.299999999999999,0,0,21.500000000000057,25.000000000000107,10.999999999999996,12.999999999999996,10.899999999999997,12.199999999999996,11.899999999999999,11.199999999999998
113,10.299999999999999,0,0,21.60000000000006,25.100000000000108,10.999999999999996,13.099999999999996,10.899999999999997,12.199999999999996,11.899999999999999,11.199999999999998
114,10.299999999999999,0,0,22.000000000000064,25.100000000000108,10.999999999999996,13.099999999999996,10.899999999999997,12.199999999999996,11.899999999999999,11.199999999999998
115,10.299999999999999,0,0,22.000000000000064,25.500000000000114,10.999999999999996,13.099999999999996,10.899999999999997,12.199999999999996,11.899999999999999,11.199999999999998
116,10.299999999999999,0,0,22.100000000000065,25.600000000000115,10.999999999999996,13.099999999999996,10.899999999999997,12.199999999999996,11.899999999999999,11.299999999999997
117,10.299999999999999,0,0,22.50000000000007,25.600000000000115,10.999999999999996,13.099999999999996,10.899999999999997,12.199999999999996,11.899999999999999,11.299999999999997
118,10.299999999999999,0,0,22.700000000000074,25.600000000000115,10.999999999999996,13.099999999999996,10.899999999999997,12.399999999999995,11.899999999999999,11.299999999999997
119,10.299999999999999,0,0,22.900000000000077,25.600000000000115,10.999999999999996,13.099999999999996,10.999999999999996,12.399999999999995,11.899999999999999,11.299999999999997
120,10.299999999999999,0,0,23.000000000000078,25.700000000000117,10.999999999999996,13.099999999999996,10.999999999999996,12.399999999999995,11.899999999999999,11.299999999999997
121,10.299999999999999,0,0,23.600000000000087,25.700000000000117,10.999999999999996,13.099999999999996,10.999999999999996,12.899999999999995,11.899999999999999,11.799999999999997
122,10.399999999999999,0,0,23.700000000000088,25.800000000000118,10.999999999999996,13.099999999999996,10.999999999999996,12.999999999999995,11.899999999999999,11.799999999999997
123,10.399999999999999,0,0,23.700000000000088,26.200000000000124,10.999999999999996,13.099999999999996,10.999999999999996,12.999999999999995,11.899999999999999,11.799999999999997
124,10.399999999999999,0,0,24.100000000000094,26.200000000000124,10.999999999999996,13.099999999999996,10.999999999999996,13.499999999999995,11.899999999999999,12.299999999999997
125,10.399999999999999,0,0,24.200000000000095,26.300000000000125,10.999999999999996,13.099999999999996,10.999999999999996,13.499999999999995,11.899999999999999,12.299999999999997
126,10.399999999999999,0,0,24.300000000000097,26.500000000000128,11.099999999999996,13.099999999999996,10.999999999999996,13.499999999999995,11.899999999999999,12.299999999999997
127,10.399999999999999,0,0,24.700000000000102,26.500000000000128,11.099999999999996,13.099999999999996,10.999999999999996,13.499999999999995,11.899999999999999,12.299999999999997
128,10.399999999999999,0,0,24.900000000000105,26.500000000000128,11.099999999999996,13.099999999999996,10.999999999999996,13.499999999999995,11.899999999999999,12.299999999999997
129,10.399999999999999,0,0,25.30000000000011,26.500000000000128,11.099999999999996,13.099999999999996,10.999999999999996,13.499999999999995,11.899999999999999,12.299999999999997
130,10.399999999999999,0,0,25.400000000000112,26.60000000000013,11.099999999999996,13.099999999999996,10.999999999999996,13.599999999999994,11.899999999999999,12.299999999999997
131,10.399999999999999,0,0,25.500000000000114,26.70000000000013,11.099999999999996,13.099999999999996,10.999999999999996,13.599999999999994,11.899999999999999,12.299999999999997
132,10.399999999999999,0,0,25.500000000000114,26.900000000000134,11.099999999999996,13.099999999999996,10.999999999999996,13.599999999999994,11.899999999999999,12.299999999999997
133,10.399999999999999,0,0,25.500000000000114,27.100000000000136,11.099999999999996,13.099999999999996,10.999999999999996,13.599999999999994,11.899999999999999,12.299999999999997
134,10.399999999999999,0,0,25.500000000000114,27.500000000000142,11.099999999999996,13.099999999999996,10.999999999999996,13.599999999999994,11.899999999999999,12.299999999999997
135,10.399999999999999,0,0,25.700000000000117,27.500000000000142,11.099999999999996,13.099999999999996,10.999999999999996,13.799999999999994,11.899999999999999,12.299999999999997
136,10.399999999999999,0,0,25.700000000000117,27.900000000000148,11.099999999999996,13.299999999999995,10.999999999999996,13.799999999999994,11.899999999999999,12.299999999999997
137,10.399999999999999,0,0,25.800000000000118,28.00000000000015,11.099999999999996,13.299999999999995,11.099999999999996,13.799999999999994,11.899999999999999,12.399999999999997
138,10.399999999999999,0,0,25.90000000000012,28.10000000000015,11.199999999999996,13.299999999999995,11.099999999999996,13.799999999999994,11.899999999999999,12.399999999999997
139,10.399999999999999,0,0,26.100000000000122,28.10000000000015,11.199999999999996,13.299999999999995,11.099999999999996,13.799999999999994,11.899999999999999,12.399999999999997
140,10.399999999999999,0,0,26.200000000000124,28.200000000000152,11.299999999999995,13.299999999999995,11.099999999999996,13.799999999999994,11.899999999999999,12.399999999999997
141,10.399999999999999,0,0,26.300000000000125,28.300000000000153,11.299999999999995,13.299999999999995,11.199999999999996,13.799999999999994,11.899999999999999,12.399999999999997
142,10.399999999999999,0,0,26.500000000000128,28.300000000000153,11.299999999999995,13.299999999999995,11.199999999999996,13.799999999999994,11.899999999999999,12.399999999999997
143,10.399999999999999,0,0,26.500000000000128,28.70000000000016,11.299999999999995,13.299999999999995,11.199999999999996,13.799999999999994,11.899999999999999,12.399999999999997
144,10.399999999999999,0,0,26.500000000000128,28.900000000000162,11.299999999999995,13.299999999999995,11.199999999999996,13.799999999999994,11.899999999999999,12.399999999999997
145,10.399999999999999,0,0,26.500000000000128,29.300000000000168,11.299999999999995,13.299999999999995,11.199999999999996,13.799999999999994,11.899999999999999,12.399999999999997
146,10.399999999999999,0,0,26.500000000000128,29.50000000000017,11.299999999999995,13.299999999999995,11.199999999999996,13.799999999999994,11.899999999999999,12.399999999999997
147,10.399999999999999,0,0,27.100000000000136,29.50000000000017,11.299999999999995,13.299999999999995,11.199999999999996,14.299999999999994,11.899999999999999,12.899999999999997
148,10.399999999999999,0,0,27.500000000000142,29.50000000000017,11.299999999999995,13.299999999999995,11.199999999999996,14.299999999999994,11.899999999999999,12.899999999999997
149,10.399999999999999,0,0,27.900000000000148,29.50000000000017,11.299999999999995,13.299999999999995,11.199999999999996,14.499999999999993,11.899999999999999,12.899999999999997
150,10.399999999999999,0,0,28.00000000000015,29.600000000000172,11.399999999999995,13.299999999999995,11.199999999999996,14.699999999999992,11.899999999999999,12.899999999999997
151,10.399999999999999,0,0,28.10000000000015,29.700000000000173,11.399999999999995,13.299999999999995,11.199999999999996,14.699999999999992,11.899999999999999,12.899999999999997
152,10.399999999999999,0,0,28.200000000000152,29.800000000000175,11.399999999999995,13.299999999999995,11.299999999999995,14.699999999999992,11.899999999999999,12.899999999999997
153,10.399999999999999,0,0,28.200000000000152,30.000000000000178,11.399999999999995,13.299999999999995,11.299999999999995,14.699999999999992,11.999999999999998,12.899999999999997
154,10.499999999999998,0,0,28.400000000000155,30.000000000000178,11.399999999999995,13.299999999999995,11.299999999999995,14.699999999999992,11.999999999999998,12.899999999999997
155,10.499999999999998,0,0,28.500000000000156,30.10000000000018,11.399999999999995,13.399999999999995,11.299999999999995,14.699999999999992,11.999999999999998,12.899999999999997
156,10.499999999999998,0,0,28.500000000000156,30.500000000000185,11.399999999999995,13.399999999999995,11.299999999999995,14.699999999999992,12.099999999999998,12.899999999999997
157,10.499999999999998,0,0,28.70000000000016,30.500000000000185,11.399999999999995,13.399999999999995,11.299999999999995,14.699999999999992,12.099999999999998,12.899999999999997
158,10.499999999999998,0,0,28.70000000000016,30.90000000000019,11.399999999999995,13.399999999999995,11.299999999999995,14.699999999999992,12.099999999999998,12.899999999999997
159,10.499999999999998,0,0,28.70000000000016,31.5000000000002,11.399999999999995,13.899999999999995,11.299999999999995,14.699999999999992,12.599999999999998,12.899999999999997
160,10.499999999999998,0,0,29.100000000000165,31.5000000000002,11.399999999999995,13.899999999999995,11.299999999999995,14.699999999999992,12.599999999999998,12.899999999999997
161,10.499999999999998,0,0,29.100000000000165,31.700000000000202,11.399999999999995,13.899999999999995,11.299999999999995,14.699999999999992,12.599999999999998,12.899999999999997
162,10.499999999999998,0,0,29.200000000000166,31.800000000000203,11.399999999999995,13.899999999999995,11.399999999999995,14.699999999999992,12.599999999999998,12.899999999999997
163,10.499999999999998,0,0,29.300000000000168,31.900000000000205,11.399999999999995,13.899999999999995,11.499999999999995,14.699999999999992,12.599999999999998,12.899999999999997
164,10.499999999999998,0,0,29.300000000000168,32.10000000000021,11.399999999999995,13.899999999999995,11.499999999999995,14.699999999999992,12.599999999999998,12.899999999999997
165,10.499999999999998,0,0,29.50000000000017,32.10000000000021,11.399999999999995,13.899999999999995,11.499999999999995,14.699999999999992,12.599999999999998,12.899999999999997
166,10.499999999999998,0,0,29.600000000000172,32.20000000000021,11.399999999999995,13.899999999999995,11.499999999999995,14.699999999999992,12.599999999999998,12.899999999999997
167,10.499999999999998,0,0,29.700000000000173,32.30000000000021,11.399999999999995,14.199999999999994,11.499999999999995,14.699999999999992,12.599999999999998,12.899999999999997
168,10.499999999999998,0,0,29.800000000000175,32.40000000000021,11.399999999999995,14.199999999999994,11.599999999999994,14.699999999999992,12.599999999999998,12.899999999999997
169,10.499999999999998,0,0,29.900000000000176,32.50000000000021,11.399999999999995,14.199999999999994,11.599999999999994,14.799999999999992,12.599999999999998,12.899999999999997
170,10.499999999999998,0,0,30.000000000000178,32.600000000000215,11.399999999999995,14.799999999999994,11.799999999999994,14.799999999999992,12.599999999999998,13.399999999999997
171,10.499999999999998,0,0,30.000000000000178,32.700000000000216,11.399999999999995,14.999999999999993,11.799999999999994,14.799999999999992,12.699999999999998,13.399999999999997
172,10.499999999999998,0,0,30.10000000000018,32.80000000000022,11.699999999999994,14.999999999999993,11.799999999999994,15.299999999999992,13.199999999999998,13.399999999999997
173,10.499999999999998,0,0,30.700000000000188,32.80000000000022,11.699999999999994,14.999999999999993,11.799999999999994,15.799999999999992,13.199999999999998,13.899999999999997
174,10.499999999999998,0,0,30.90000000000019,32.80000000000022,11.699999999999994,14.999999999999993,11.799999999999994,15.799999999999992,13.199999999999998,14.099999999999996
175,10.499999999999998,0,0,31.100000000000193,32.80000000000022,11.699999999999994,14.999999999999993,11.799999999999994,15.799999999999992,13.199999999999998,14.099999999999996
176,10.499999999999998,0,0,31.400000000000198,32.80000000000022,11.699999999999994,14.999999999999993,11.799999999999994,15.999999999999991,13.199999999999998,14.099999999999996
177,10.499999999999998,0,0,31.6000000000002,32.80000000000022,11.699999999999994,14.999999999999993,11.799999999999994,15.999999999999991,13.199999999999998,14.099999999999996
178,10.499999999999998,0,0,31.6000000000002,33.20000000000022,11.699999999999994,14.999999999999993,11.799999999999994,15.999999999999991,13.199999999999998,14.099999999999996
179,10.499999999999998,0,0,31.700000000000202,33.20000000000022,11.699999999999994,14.999999999999993,11.799999999999994,16.09999999999999,13.199999999999998,14.099999999999996
180,10.499999999999998,0,0,32.10000000000021,33.20000000000022,11.699999999999994,14.999999999999993,11.799999999999994,16.299999999999994,13.199999999999998,14.099999999999996
181,10.499999999999998,0,0,32.20000000000021,33.300000000000225,11.799999999999994,14.999999999999993,11.799999999999994,16.299999999999994,13.199999999999998,14.099999999999996
182,10.499999999999998,0,0,32.20000000000021,33.50000000000023,11.799999999999994,14.999999999999993,11.799999999999994,16.299999999999994,13.199999999999998,14.099999999999996
183,10.499999999999998,0,0,32.30000000000021,33.60000000000023,11.799999999999994,14.999999999999993,11.799999999999994,16.299999999999994,13.199999999999998,14.099999999999996
184,10.499999999999998,0,0,32.50000000000021,33.60000000000023,11.799999999999994,14.999999999999993,11.799999999999994,16.299999999999994,13.199999999999998,14.099999999999996
185,10.499999999999998,0,0,32.600000000000215,33.70000000000023,11.799999999999994,14.999999999999993,11.899999999999993,16.299999999999994,13.199999999999998,14.099999999999996
186,10.499999999999998,0,0,32.90000000000022,33.70000000000023,11.799999999999994,14.999999999999993,11.899999999999993,16.899999999999995,13.199999999999998,14.599999999999996
187,10.499999999999998,0,0,33.10000000000022,33.70000000000023,11.799999999999994,14.999999999999993,11.899999999999993,16.899999999999995,13.199999999999998,14.599999999999996
188,10.499999999999998,0,0,33.50000000000023,33.70000000000023,11.799999999999994,14.999999999999993,11.899999999999993,16.899999999999995,13.199999999999998,14.599999999999996
189,10.499999999999998,0,0,33.90000000000023,33.70000000000023,11.799999999999994,14.999999999999993,11.899999999999993,16.899999999999995,13.199999999999998,14.599999999999996
190,10.499999999999998,0,0,34.000000000000234,33.80000000000023,11.799999999999994,14.999999999999993,11.899999999999993,16.999999999999996,13.199999999999998,14.599999999999996
191,10.499999999999998,0,0,34.100000000000236,33.90000000000023,11.799999999999994,15.099999999999993,11.899999999999993,16.999999999999996,13.199999999999998,14.599999999999996
192,10.499999999999998,0,0,34.100000000000236,34.100000000000236,11.799999999999994,15.099999999999993,11.899999999999993,16.999999999999996,13.199999999999998,14.599999999999996
193,10.499999999999998,0,0,34.20000000000024,34.20000000000024,11.799999999999994,15.099999999999993,11.899999999999993,17.099999999999998,13.199999999999998,14.599999999999996
194,10.499999999999998,0,0,34.20000000000024,34.800000000000246,11.799999999999994,15.599999999999993,11.899999999999993,17.099999999999998,13.699999999999998,14.599999999999996
195,10.499999999999998,0,0,34.40000000000024,34.800000000000246,11.799999999999994,15.599999999999993,11.899999999999993,17.099999999999998,13.699999999999998,14.599999999999996
196,10.499999999999998,0,0,34.40000000000024,35.400000000000254,11.799999999999994,16.099999999999994,11.899999999999993,17.099999999999998,14.199999999999998,14.599999999999996
197,10.499999999999998,0,0,34.50000000000024,35.500000000000256,11.799999999999994,16.099999999999994,11.899999999999993,17.099999999999998,14.199999999999998,14.699999999999996
198,10.499999999999998,0,0,34.50000000000024,35.60000000000026,11.799999999999994,16.099999999999994,11.899999999999993,17.099999999999998,14.299999999999997,14.699999999999996
199,10.499999999999998,0,0,34.60000000000024,35.70000000000026,11.799999999999994,16.4,11.899999999999993,17.099999999999998,14.299999999999997,14.699999999999996
200,10.499999999999998,0,0,35.20000000000025,35.70000000000026,11.799999999999994,16.4,11.899999999999993,17.599999999999998,14.299999999999997,15.199999999999996
201,10.499999999999998,0,0,35.30000000000025,35.80000000000026,11.799999999999994,16.4,11.899999999999993,17.599999999999998,14.399999999999997,15.199999999999996
202,10.499999999999998,0,0,35.90000000000026,35.80000000000026,11.799999999999994,16.4,11.899999999999993,18.099999999999998,14.399999999999997,15.699999999999996
203,10.499999999999998,0,0,36.50000000000027,35.80000000000026,11.799999999999994,16.4,11.899999999999993,18.599999999999998,14.399999999999997,16.199999999999996
204,10.499999999999998,0,0,36.60000000000027,35.90000000000026,11.799999999999994,16.5,11.899999999999993,18.599999999999998,14.399999999999997,16.199999999999996
205,10.499999999999998,0,0,37.00000000000028,35.90000000000026,11.799999999999994,16.5,11.899999999999993,18.599999999999998,14.399999999999997,16.299999999999997
206,10.499999999999998,0,0,37.00000000000028,36.30000000000027,11.799999999999994,16.5,11.899999999999993,18.599999999999998,14.599999999999996,16.299999999999997
207,10.499999999999998,0,0,37.00000000000028,36.50000000000027,11.799999999999994,16.700000000000003,11.899999999999993,18.599999999999998,14.599999999999996,16.299999999999997
208,10.499999999999998,0,0,37.00000000000028,36.900000000000276,11.799999999999994,16.700000000000003,11.899999999999993,18.599999999999998,14.599999999999996,16.299999999999997
209,10.499999999999998,0,0,37.600000000000286,36.900000000000276,11.799999999999994,16.700000000000003,11.899999999999993,19.099999999999998,14.599999999999996,16.799999999999997
210,10.499999999999998,0,0,37.70000000000029,37.00000000000028,11.799999999999994,16.700000000000003,11.899999999999993,19.2,14.599999999999996,16.799999999999997
211,10.499999999999998,0,0,37.90000000000029,37.00000000000028,11.799999999999994,16.700000000000003,11.899999999999993,19.2,14.599999999999996,16.799999999999997
212,10.499999999999998,0,0,38.10000000000029,37.00000000000028,11.799999999999994,16.700000000000003,11.899999999999993,19.2,14.599999999999996,17.0
213,10.499999999999998,0,0,38.200000000000294,37.10000000000028,11.799999999999994,16.700000000000003,11.899999999999993,19.2,14.599999999999996,17.0
214,10.499999999999998,0,0,38.4000000000003,37.10000000000028,11.799999999999994,16.700000000000003,11.899999999999993,19.400000000000002,14.599999999999996,17.0
215,10.499999999999998,0,0,38.4000000000003,37.500000000000284,11.799999999999994,16.700000000000003,11.899999999999993,19.400000000000002,14.599999999999996,17.0
216,10.499999999999998,0,0,38.6000000000003,37.500000000000284,11.799999999999994,16.700000000000003,11.899999999999993,19.400000000000002,14.599999999999996,17.0
217,10.499999999999998,0,0,38.6000000000003,37.90000000000029,11.799999999999994,16.700000000000003,11.899999999999993,19.400000000000002,14.599999999999996,17.0
218,10.499999999999998,0,0,38.7000000000003,38.00000000000029,11.899999999999993,16.700000000000003,11.899999999999993,19.400000000000002,14.599999999999996,17.0
219,10.499999999999998,0,0,38.7000000000003,38.4000000000003,11.899999999999993,16.700000000000003,11.899999999999993,19.400000000000002,14.599999999999996,17.0
220,10.499999999999998,0,0,38.7000000000003,38.8000000000003,11.899999999999993,16.700000000000003,11.899999999999993,19.400000000000002,14.599999999999996,17.0
221,10.499999999999998,0,0,38.7000000000003,39.000000000000306,11.899999999999993,16.700000000000003,11.899999999999993,19.400000000000002,14.599999999999996,17.0
222,10.499999999999998,0,0,38.7000000000003,39.20000000000031,11.899999999999993,16.700000000000003,11.899999999999993,19.400000000000002,14.599999999999996,17.0
223,10.499999999999998,0,0,38.900000000000304,39.30000000000031,11.899999999999993,16.700000000000003,11.999999999999993,19.400000000000002,14.599999999999996,17.0
224,10.499999999999998,0,0,39.000000000000306,39.40000000000031,11.899999999999993,16.700000000000003,11.999999999999993,19.500000000000004,14.599999999999996,17.0
225,10.499999999999998,0,0,39.10000000000031,39.40000000000031,11.899999999999993,16.700000000000003,11.999999999999993,19.600000000000005,14.599999999999996,17.0
226,10.499999999999998,0,0,39.10000000000031,39.80000000000032,11.899999999999993,16.700000000000003,11.999999999999993,19.600000000000005,14.599999999999996,17.0
227,10.499999999999998,0,0,39.10000000000031,40.00000000000032,11.899999999999993,16.700000000000003,11.999999999999993,19.600000000000005,14.599999999999996,17.0
228,10.499999999999998,0,0,39.40000000000031,40.00000000000032,11.899999999999993,16.700000000000003,11.999999999999993,19.700000000000006,14.599999999999996,17.0
229,10.499999999999998,0,0,39.700000000000315,40.00000000000032,11.899999999999993,16.700000000000003,11.999999999999993,19.800000000000008,14.599999999999996,17.0
230,10.499999999999998,0,0,39.90000000000032,40.00000000000032,11.899999999999993,16.700000000000003,11.999999999999993,19.800000000000008,14.599999999999996,17.0
231,10.499999999999998,0,0,40.20000000000032,40.00000000000032,11.899999999999993,16.700000000000003,11.999999999999993,19.90000000000001,14.599999999999996,17.0
232,10.499999999999998,0,0,40.300000000000324,40.10000000000032,11.899999999999993,16.700000000000003,11.999999999999993,19.90000000000001,14.599999999999996,17.0
233,10.499999999999998,0,0,40.400000000000325,40.20000000000032,11.899999999999993,16.800000000000004,11.999999999999993,19.90000000000001,14.599999999999996,17.1
234,10.499999999999998,0,0,40.50000000000033,40.300000000000324,11.899999999999993,16.800000000000004,11.999999999999993,19.90000000000001,14.599999999999996,17.200000000000003
235,10.499999999999998,0,0,40.70000000000033,40.300000000000324,11.899999999999993,16.800000000000004,11.999999999999993,19.90000000000001,14.599999999999996,17.200000000000003
236,10.499999999999998,0,0,40.80000000000033,40.400000000000325,11.899999999999993,16.800000000000004,11.999999999999993,19.90000000000001,14.599999999999996,17.300000000000004
237,10.499999999999998,0,0,40.90000000000033,40.50000000000033,11.899999999999993,16.800000000000004,11.999999999999993,20.100000000000012,14.599999999999996,17.300000000000004
238,10.499999999999998,0,0,40.90000000000033,40.70000000000033,11.899999999999993,16.800000000000004,11.999999999999993,20.100000000000012,14.599999999999996,17.300000000000004
239,10.499999999999998,0,0,40.90000000000033,41.100000000000335,11.899999999999993,16.800000000000004,11.999999999999993,20.100000000000012,14.599999999999996,17.300000000000004
240,10.499999999999998,0,0,40.90000000000033,41.50000000000034,11.899999999999993,16.800000000000004,11.999999999999993,20.100000000000012,14.599999999999996,17.300000000000004
241,10.499999999999998,0,0,41.100000000000335,41.50000000000034,11.899999999999993,16.800000000000004,11.999999999999993,20.100000000000012,14.599999999999996,17.300000000000004
242,10.499999999999998,0,0,41.20000000000034,41.60000000000034,11.899999999999993,16.800000000000004,11.999999999999993,20.200000000000014,14.599999999999996,17.300000000000004
243,10.499999999999998,0,0,41.60000000000034,41.60000000000034,11.899999999999993,16.800000000000004,11.999999999999993,20.200000000000014,14.599999999999996,17.300000000000004
244,10.499999999999998,0,0,41.700000000000344,41.700000000000344,11.999999999999993,16.800000000000004,11.999999999999993,20.200000000000014,14.599999999999996,17.300000000000004
245,10.499999999999998,0,0,41.700000000000344,42.10000000000035,11.999999999999993,17.300000000000004,11.999999999999993,20.200000000000014,15.099999999999996,17.300000000000004
246,10.499999999999998,0,0,41.700000000000344,42.30000000000035,11.999999999999993,17.300000000000004,11.999999999999993,20.200000000000014,15.099999999999996,17.300000000000004
247,10.499999999999998,0,0,41.800000000000345,42.400000000000354,11.999999999999993,17.900000000000006,12.199999999999992,20.200000000000014,15.099999999999996,17.800000000000004
248,10.499999999999998,0,0,42.20000000000035,42.400000000000354,11.999999999999993,17.900000000000006,12.199999999999992,20.200000000000014,15.099999999999996,17.800000000000004
249,10.499999999999998,0,0,42.30000000000035,42.500000000000355,11.999999999999993,18.000000000000007,12.199999999999992,20.200000000000014,15.099999999999996,17.800000000000004
250,10.499999999999998,0,0,42.30000000000035,42.90000000000036,11.999999999999993,18.000000000000007,12.199999999999992,20.200000000000014,15.099999999999996,17.800000000000004
251,10.499999999999998,0,0,42.500000000000355,42.90000000000036,11.999999999999993,18.000000000000007,12.199999999999992,20.200000000000014,15.099999999999996,17.800000000000004
252,10.499999999999998,0,0,42.60000000000036,43.00000000000036,12.099999999999993,18.000000000000007,12.199999999999992,20.200000000000014,15.099999999999996,17.800000000000004
253,10.499999999999998,0,0,42.70000000000036,43.100000000000364,12.099999999999993,18.000000000000007,12.199999999999992,20.300000000000015,15.199999999999996,17.800000000000004
254,10.499999999999998,0,0,42.70000000000036,43.30000000000037,12.099999999999993,18.000000000000007,12.199999999999992,20.300000000000015,15.199999999999996,17.800000000000004
255,10.499999999999998,0,0,43.100000000000364,43.30000000000037,12.099999999999993,18.000000000000007,12.199999999999992,20.300000000000015,15.199999999999996,17.900000000000006
256,10.499999999999998,0,0,43.200000000000365,43.40000000000037,12.099999999999993,18.10000000000001,12.199999999999992,20.300000000000015,15.199999999999996,17.900000000000006
257,10.499999999999998,0,0,43.30000000000037,43.50000000000037,12.199999999999992,18.10000000000001,12.199999999999992,20.300000000000015,15.299999999999995,17.900000000000006
258,10.499999999999998,0,0,43.30000000000037,44.10000000000038,12.199999999999992,18.60000000000001,12.199999999999992,20.300000000000015,15.799999999999995,17.900000000000006
259,10.499999999999998,0,0,43.40000000000037,44.20000000000038,12.299999999999992,18.60000000000001,12.199999999999992,20.300000000000015,15.799999999999995,17.900000000000006
260,10.499999999999998,0,0,43.40000000000037,44.600000000000385,12.299999999999992,18.60000000000001,12.199999999999992,20.300000000000015,15.799999999999995,17.900000000000006
261,10.499999999999998,0,0,43.50000000000037,44.70000000000039,12.399999999999991,18.60000000000001,12.199999999999992,20.300000000000015,15.799999999999995,17.900000000000006
262,10.499999999999998,0,0,43.60000000000037,44.80000000000039,12.399999999999991,18.60000000000001,12.199999999999992,20.400000000000016,15.799999999999995,17.900000000000006
263,10.499999999999998,0,0,43.60000000000037,45.00000000000039,12.399999999999991,18.60000000000001,12.199999999999992,20.400000000000016,15.799999999999995,17.900000000000006
264,10.499999999999998,0,0,43.70000000000037,45.10000000000039,12.399999999999991,18.60000000000001,12.299999999999992,20.400000000000016,15.799999999999995,17.900000000000006
265,10.499999999999998,0,0,43.800000000000374,45.200000000000394,12.499999999999991,18.60000000000001,12.299999999999992,20.400000000000016,15.799999999999995,17.900000000000006
266,10.499999999999998,0,0,43.900000000000375,45.4000000000004,12.59999999999999,18.60000000000001,12.299999999999992,20.400000000000016,15.799999999999995,17.900000000000006
267,10.499999999999998,0,0,44.00000000000038,45.5000000000004,12.59999999999999,18.60000000000001,12.399999999999991,20.400000000000016,15.799999999999995,17.900000000000006
268,10.499999999999998,0,0,44.00000000000038,45.8000000000004,12.59999999999999,19.20000000000001,12.399999999999991,20.400000000000016,16.299999999999997,17.900000000000006
269,10.499999999999998,0,0,44.10000000000038,45.900000000000404,12.59999999999999,19.30000000000001,12.399999999999991,20.400000000000016,16.299999999999997,17.900000000000006
270,10.499999999999998,0,0,44.10000000000038,46.100000000000406,12.59999999999999,19.30000000000001,12.399999999999991,20.400000000000016,16.299999999999997,17.900000000000006
271,10.499999999999998,0,0,44.10000000000038,46.30000000000041,12.59999999999999,19.30000000000001,12.399999999999991,20.400000000000016,16.299999999999997,17.900000000000006
272,10.499999999999998,0,0,44.500000000000384,46.30000000000041,12.59999999999999,19.30000000000001,12.399999999999991,20.400000000000016,16.299999999999997,17.900000000000006
273,10.499999999999998,0,0,44.500000000000384,46.700000000000415,12.59999999999999,19.30000000000001,12.399999999999991,20.400000000000016,16.5,17.900000000000006
274,10.499999999999998,0,0,44.600000000000385,46.800000000000416,12.59999999999999,19.30000000000001,12.399999999999991,20.500000000000018,16.5,17.900000000000006
275,10.499999999999998,0,0,45.00000000000039,46.800000000000416,12.59999999999999,19.30000000000001,12.399999999999991,20.500000000000018,16.5,17.900000000000006
276,10.499999999999998,0,0,45.10000000000039,46.90000000000042,12.59999999999999,19.400000000000013,12.399999999999991,20.500000000000018,16.5,17.900000000000006
277,10.499999999999998,0,0,45.200000000000394,47.00000000000042,12.59999999999999,19.500000000000014,12.399999999999991,20.500000000000018,16.5,17.900000000000006
278,10.499999999999998,0,0,45.300000000000395,47.10000000000042,12.59999999999999,19.500000000000014,12.499999999999991,20.500000000000018,16.5,17.900000000000006
279,10.499999999999998,0,0,45.300000000000395,47.70000000000043,12.59999999999999,20.000000000000014,12.499999999999991,20.500000000000018,17.0,17.900000000000006
280,10.499999999999998,0,0,45.300000000000395,48.100000000000435,12.59999999999999,20.000000000000014,12.499999999999991,20.500000000000018,17.0,17.900000000000006
281,10.499999999999998,0,0,45.4000000000004,48.100000000000435,12.59999999999999,20.000000000000014,12.499999999999991,20.60000000000002,17.0,17.900000000000006
282,10.499999999999998,0,0,45.4000000000004,48.30000000000044,12.59999999999999,20.000000000000014,12.499999999999991,20.60000000000002,17.0,17.900000000000006
283,10.499999999999998,0,0,45.4000000000004,48.60000000000044,12.59999999999999,20.100000000000016,12.499999999999991,20.60000000000002,17.0,17.900000000000006
284,10.499999999999998,0,0,45.6000000000004,48.60000000000044,12.59999999999999,20.100000000000016,12.499999999999991,20.60000000000002,17.0,17.900000000000006
285,10.499999999999998,0,0,45.6000000000004,48.900000000000446,12.59999999999999,20.200000000000017,12.499999999999991,20.60000000000002,17.0,17.900000000000006
286,10.499999999999998,0,0,45.8000000000004,49.00000000000045,12.59999999999999,20.30000000000002,12.499999999999991,20.60000000000002,17.0,17.900000000000006
287,10.499999999999998,0,0,45.900000000000404,49.10000000000045,12.59999999999999,20.30000000000002,12.499999999999991,20.900000000000023,17.0,17.900000000000006
288,10.499999999999998,0,0,45.900000000000404,49.30000000000045,12.59999999999999,20.30000000000002,12.499999999999991,20.900000000000023,17.0,17.900000000000006
289,10.499999999999998,0,0,46.000000000000405,49.40000000000045,12.59999999999999,20.30000000000002,12.499999999999991,20.900000000000023,17.0,18.000000000000007
290,10.499999999999998,0,0,46.000000000000405,49.600000000000456,12.59999999999999,20.30000000000002,12.499999999999991,20.900000000000023,17.0,18.000000000000007
291,10.499999999999998,0,0,46.20000000000041,49.600000000000456,12.59999999999999,20.30000000000002,12.499999999999991,20.900000000000023,17.0,18.000000000000007
292,10.499999999999998,0,0,46.40000000000041,49.600000000000456,12.59999999999999,20.30000000000002,12.499999999999991,20.900000000000023,17.0,18.10000000000001
293,10.499999999999998,0,0,46.800000000000416,49.600000000000456,12.59999999999999,20.30000000000002,12.499999999999991,20.900000000000023,17.0,18.10000000000001
294,10.499999999999998,0,0,47.00000000000042,49.600000000000456,12.59999999999999,20.30000000000002,12.499999999999991,20.900000000000023,17.0,18.10000000000001
295,10.499999999999998,0,0,47.10000000000042,49.600000000000456,12.59999999999999,20.30000000000002,12.499999999999991,21.000000000000025,17.0,18.20000000000001
296,10.499999999999998,0,0,47.10000000000042,49.80000000000046,12.59999999999999,20.30000000000002,12.499999999999991,21.000000000000025,17.0,18.20000000000001
297,10.499999999999998,0,0,47.30000000000042,49.80000000000046,12.59999999999999,20.30000000000002,12.499999999999991,21.000000000000025,17.0,18.20000000000001
298,10.499999999999998,0,0,47.400000000000425,49.90000000000046,12.59999999999999,20.90000000000002,12.69999999999999,21.000000000000025,17.0,18.70000000000001
299,10.499999999999998,0,0,47.80000000000043,49.90000000000046,12.59999999999999,20.90000000000002,12.69999999999999,21.000000000000025,17.0,18.70000000000001
300,10.499999999999998,0,0,47.80000000000043,50.300000000000466,12.59999999999999,20.90000000000002,12.69999999999999,21.000000000000025,17.0,18.70000000000001
301,10.499999999999998,0,0,47.90000000000043,50.40000000000047,12.59999999999999,20.90000000000002,12.79999999999999,21.000000000000025,17.0,18.70000000000001
302,10.499999999999998,0,0,48.00000000000043,50.50000000000047,12.59999999999999,20.90000000000002,12.89999999999999,21.000000000000025,17.0,18.70000000000001
303,10.499999999999998,0,0,48.100000000000435,50.60000000000047,12.59999999999999,20.90000000000002,12.89999999999999,21.100000000000026,17.0,18.70000000000001
304,10.499999999999998,0,0,48.100000000000435,51.000000000000476,12.59999999999999,21.50000000000002,12.89999999999999,21.100000000000026,17.5,18.70000000000001
305,10.499999999999998,0,0,48.100000000000435,51.20000000000048,12.59999999999999,21.50000000000002,12.89999999999999,21.100000000000026,17.5,18.70000000000001
306,10.499999999999998,0,0,48.100000000000435,51.600000000000485,12.59999999999999,21.50000000000002,12.89999999999999,21.100000000000026,17.5,18.70000000000001
307,10.499999999999998,0,0,48.50000000000044,51.600000000000485,12.59999999999999,21.50000000000002,12.89999999999999,21.700000000000028,17.5,19.20000000000001
308,10.499999999999998,0,0,48.900000000000446,51.600000000000485,12.59999999999999,21.50000000000002,12.89999999999999,21.700000000000028,17.5,19.20000000000001
309,10.499999999999998,0,0,49.10000000000045,51.600000000000485,12.59999999999999,21.50000000000002,12.89999999999999,21.700000000000028,17.5,19.20000000000001
310,10.499999999999998,0,0,49.20000000000045,51.700000000000486,12.69999999999999,21.50000000000002,12.89999999999999,21.700000000000028,17.5,19.20000000000001
311,10.499999999999998,0,0,49.40000000000045,51.700000000000486,12.69999999999999,21.50000000000002,12.89999999999999,21.700000000000028,17.5,19.20000000000001
312,10.499999999999998,0,0,49.600000000000456,51.700000000000486,12.69999999999999,21.50000000000002,12.89999999999999,21.700000000000028,17.5,19.20000000000001
313,10.499999999999998,0,0,49.80000000000046,51.700000000000486,12.69999999999999,21.50000000000002,12.89999999999999,21.700000000000028,17.5,19.20000000000001
314,10.499999999999998,0,0,50.200000000000465,51.700000000000486,12.69999999999999,21.50000000000002,12.89999999999999,21.90000000000003,17.5,19.20000000000001
315,10.499999999999998,0,0,50.200000000000465,51.80000000000049,12.69999999999999,21.600000000000023,12.89999999999999,21.90000000000003,17.5,19.20000000000001
316,10.499999999999998,0,0,50.60000000000047,51.80000000000049,12.69999999999999,21.600000000000023,12.89999999999999,21.90000000000003,17.5,19.20000000000001
317,10.499999999999998,0,0,50.60000000000047,52.10000000000049,12.69999999999999,21.700000000000024,12.89999999999999,21.90000000000003,17.5,19.20000000000001
318,10.499999999999998,0,0,51.20000000000048,52.10000000000049,12.69999999999999,21.700000000000024,12.89999999999999,22.500000000000032,17.5,19.70000000000001
319,10.499999999999998,0,0,51.30000000000048,52.20000000000049,12.79999999999999,21.700000000000024,12.89999999999999,22.500000000000032,17.5,19.70000000000001
320,10.499999999999998,0,0,51.50000000000048,52.20000000000049,12.79999999999999,21.700000000000024,12.89999999999999,22.500000000000032,17.5,19.70000000000001
321,10.499999999999998,0,0,51.600000000000485,52.300000000000495,12.89999999999999,21.700000000000024,12.89999999999999,22.500000000000032,17.5,19.70000000000001
322,10.499999999999998,0,0,51.700000000000486,52.400000000000496,12.89999999999999,21.700000000000024,12.99999999999999,22.500000000000032,17.5,19.70000000000001
323,10.499999999999998,0,0,51.80000000000049,52.5000000000005,12.89999999999999,21.800000000000026,12.99999999999999,22.500000000000032,17.5,19.80000000000001
324,10.499999999999998,0,0,51.90000000000049,52.6000000000005,12.89999999999999,21.800000000000026,12.99999999999999,22.500000000000032,17.6,19.80000000000001
325,10.499999999999998,0,0,52.300000000000495,52.6000000000005,12.89999999999999,21.800000000000026,12.99999999999999,22.500000000000032,17.6,19.80000000000001
326,10.499999999999998,0,0,52.400000000000496,52.7000000000005,12.89999999999999,22.10000000000003,12.99999999999999,22.500000000000032,17.6,19.80000000000001
327,10.499999999999998,0,0,52.400000000000496,53.30000000000051,12.89999999999999,22.70000000000003,12.99999999999999,22.500000000000032,18.1,19.80000000000001
328,10.499999999999998,0,0,52.400000000000496,53.700000000000514,12.89999999999999,22.70000000000003,12.99999999999999,22.500000000000032,18.1,19.80000000000001
329,10.499999999999998,0,0,52.5000000000005,53.800000000000516,12.99999999999999,22.70000000000003,12.99999999999999,22.500000000000032,18.1,19.80000000000001
330,10.499999999999998,0,0,52.7000000000005,53.800000000000516,12.99999999999999,22.70000000000003,12.99999999999999,22.500000000000032,18.1,19.80000000000001
331,10.499999999999998,0,0,52.9000000000005,53.800000000000516,12.99999999999999,22.70000000000003,12.99999999999999,22.500000000000032,18.1,19.80000000000001
332,10.499999999999998,0,0,53.000000000000504,53.90000000000052,12.99999999999999,22.800000000000033,12.99999999999999,22.500000000000032,18.1,19.900000000000013
333,10.499999999999998,0,0,53.50000000000051,53.90000000000052,12.99999999999999,22.800000000000033,12.99999999999999,23.200000000000035,18.1,20.400000000000013
334,10.499999999999998,0,0,54.10000000000052,53.90000000000052,12.99999999999999,22.800000000000033,12.99999999999999,23.800000000000036,18.1,20.900000000000013
335,10.499999999999998,0,0,54.10000000000052,54.10000000000052,12.99999999999999,22.800000000000033,12.99999999999999,23.800000000000036,18.1,20.900000000000013
336,10.499999999999998,0,0,54.20000000000052,54.20000000000052,12.99999999999999,22.800000000000033,13.099999999999989,23.800000000000036,18.1,20.900000000000013
337,10.499999999999998,0,0,54.20000000000052,54.400000000000524,12.99999999999999,22.800000000000033,13.099999999999989,23.800000000000036,18.1,20.900000000000013
338,10.499999999999998,0,0,54.30000000000052,54.500000000000526,13.099999999999989,22.800000000000033,13.099999999999989,23.800000000000036,18.300000000000004,20.900000000000013
339,10.499999999999998,0,0,54.70000000000053,54.500000000000526,13.099999999999989,22.800000000000033,13.099999999999989,23.800000000000036,18.300000000000004,20.900000000000013
340,10.499999999999998,0,0,54.70000000000053,54.70000000000053,13.099999999999989,22.800000000000033,13.099999999999989,23.800000000000036,18.300000000000004,20.900000000000013
341,10.499999999999998,0,0,55.100000000000534,54.70000000000053,13.099999999999989,22.800000000000033,13.099999999999989,24.400000000000038,18.300000000000004,21.400000000000013
342,10.499999999999998,0,0,55.100000000000534,55.100000000000534,13.099999999999989,22.800000000000033,13.099999999999989,24.400000000000038,18.300000000000004,21.400000000000013
343,10.499999999999998,0,0,55.100000000000534,55.50000000000054,13.099999999999989,22.800000000000033,13.099999999999989,24.400000000000038,18.300000000000004,21.400000000000013
344,10.499999999999998,0,0,55.50000000000054,55.50000000000054,13.099999999999989,22.800000000000033,13.099999999999989,24.400000000000038,18.300000000000004,21.400000000000013
345,10.499999999999998,0,0,55.50000000000054,55.900000000000546,13.099999999999989,22.800000000000033,13.099999999999989,24.400000000000038,18.300000000000004,21.400000000000013
346,10.499999999999998,0,0,55.60000000000054,56.00000000000055,13.099999999999989,22.800000000000033,13.199999999999989,24.400000000000038,18.300000000000004,21.400000000000013
347,10.499999999999998,0,0,55.60000000000054,56.30000000000055,13.099999999999989,22.900000000000034,13.199999999999989,24.400000000000038,18.300000000000004,21.400000000000013
348,10.499999999999998,0,0,55.70000000000054,56.40000000000055,13.099999999999989,23.20000000000004,13.199999999999989,24.400000000000038,18.300000000000004,21.400000000000013
349,10.499999999999998,0,0,55.900000000000546,56.40000000000055,13.099999999999989,23.20000000000004,13.199999999999989,24.400000000000038,18.300000000000004,21.400000000000013
350,10.499999999999998,0,0,56.00000000000055,56.500000000000554,13.099999999999989,23.20000000000004,13.199999999999989,24.50000000000004,18.300000000000004,21.400000000000013
351,10.499999999999998,0,0,56.10000000000055,56.600000000000556,13.099999999999989,23.20000000000004,13.299999999999988,24.50000000000004,18.300000000000004,21.400000000000013
352,10.499999999999998,0,0,56.10000000000055,57.00000000000056,13.099999999999989,23.40000000000004,13.299999999999988,24.50000000000004,18.300000000000004,21.400000000000013
353,10.499999999999998,0,0,56.10000000000055,57.40000000000057,13.099999999999989,23.40000000000004,13.299999999999988,24.50000000000004,18.300000000000004,21.400000000000013
354,10.499999999999998,0,0,56.30000000000055,57.40000000000057,13.099999999999989,23.40000000000004,13.299999999999988,24.50000000000004,18.300000000000004,21.400000000000013
355,10.499999999999998,0,0,56.30000000000055,57.60000000000057,13.099999999999989,23.40000000000004,13.299999999999988,24.50000000000004,18.300000000000004,21.400000000000013
356,10.499999999999998,0,0,56.70000000000056,57.60000000000057,13.099999999999989,23.40000000000004,13.299999999999988,24.50000000000004,18.300000000000004,21.400000000000013
357,10.499999999999998,0,0,56.80000000000056,57.70000000000057,13.099999999999989,23.40000000000004,13.299999999999988,24.60000000000004,18.300000000000004,21.400000000000013
358,10.499999999999998,0,0,56.90000000000056,57.80000000000057,13.099999999999989,23.700000000000045,13.299999999999988,24.60000000000004,18.300000000000004,21.400000000000013
359,10.499999999999998,0,0,57.10000000000056,57.80000000000057,13.099999999999989,23.700000000000045,13.299999999999988,24.60000000000004,18.300000000000004,21.400000000000013
360,10.499999999999998,0,0,57.10000000000056,58.10000000000058,13.099999999999989,23.700000000000045,13.299999999999988,24.60000000000004,18.400000000000006,21.400000000000013
361,10.499999999999998,0,0,57.10000000000056,58.30000000000058,13.099999999999989,23.700000000000045,13.299999999999988,24.60000000000004,18.400000000000006,21.400000000000013
362,10.499999999999998,0,0,57.200000000000564,58.40000000000058,13.099999999999989,23.700000000000045,13.299999999999988,24.700000000000042,18.400000000000006,21.400000000000013
363,10.499999999999998,0,0,57.200000000000564,58.80000000000059,13.099999999999989,23.700000000000045,13.299999999999988,24.700000000000042,18.400000000000006,21.400000000000013
364,10.499999999999998,0,0,57.300000000000566,58.90000000000059,13.199999999999989,23.700000000000045,13.299999999999988,24.900000000000045,18.400000000000006,21.400000000000013
365,10.499999999999998,0,0,57.300000000000566,59.300000000000594,13.199999999999989,24.300000000000047,13.299999999999988,24.900000000000045,18.900000000000006,21.400000000000013
366,10.499999999999998,0,0,57.300000000000566,59.7000000000006,13.199999999999989,24.300000000000047,13.299999999999988,24.900000000000045,18.900000000000006,21.400000000000013
367,10.499999999999998,0,0,57.70000000000057,59.7000000000006,13.199999999999989,24.300000000000047,13.299999999999988,24.900000000000045,18.900000000000006,21.400000000000013
368,10.499999999999998,0,0,58.000000000000576,59.7000000000006,13.199999999999989,24.300000000000047,13.299999999999988,24.900000000000045,18.900000000000006,21.500000000000014
369,10.499999999999998,0,0,58.000000000000576,59.9000000000006,13.199999999999989,24.300000000000047,13.299999999999988,24.900000000000045,18.900000000000006,21.500000000000014
370,10.499999999999998,0,0,58.10000000000058,60.000000000000604,13.199999999999989,24.300000000000047,13.299999999999988,25.000000000000046,18.900000000000006,21.500000000000014
371,10.499999999999998,0,0,58.30000000000058,60.000000000000604,13.199999999999989,24.300000000000047,13.299999999999988,25.000000000000046,18.900000000000006,21.500000000000014
372,10.499999999999998,0,0,58.30000000000058,60.40000000000061,13.199999999999989,24.300000000000047,13.299999999999988,25.000000000000046,18.900000000000006,21.500000000000014
373,10.499999999999998,0,0,58.40000000000058,60.50000000000061,13.199999999999989,24.40000000000005,13.299999999999988,25.000000000000046,18.900000000000006,21.500000000000014
374,10.499999999999998,0,0,58.50000000000058,60.60000000000061,13.299999999999988,24.40000000000005,13.299999999999988,25.000000000000046,18.900000000000006,21.500000000000014
375,10.499999999999998,0,0,58.90000000000059,60.60000000000061,13.299999999999988,24.40000000000005,13.299999999999988,25.600000000000048,18.900000000000006,22.000000000000014
376,10.499999999999998,0,0,58.90000000000059,61.20000000000062,13.299999999999988,25.00000000000005,13.299999999999988,25.600000000000048,19.400000000000006,22.000000000000014
377,10.499999999999998,0,0,59.00000000000059,61.30000000000062,13.299999999999988,25.10000000000005,13.299999999999988,25.600000000000048,19.400000000000006,22.000000000000014
378,10.499999999999998,0,0,59.10000000000059,61.400000000000624,13.299999999999988,25.10000000000005,13.299999999999988,25.600000000000048,19.400000000000006,22.100000000000016
379,10.499999999999998,0,0,59.5000000000006,61.400000000000624,13.299999999999988,25.10000000000005,13.299999999999988,25.600000000000048,19.400000000000006,22.100000000000016
380,10.499999999999998,0,0,59.6000000000006,61.500000000000625,13.299999999999988,25.200000000000053,13.299999999999988,25.600000000000048,19.400000000000006,22.100000000000016
381,10.499999999999998,0,0,59.7000000000006,61.60000000000063,13.599999999999987,25.200000000000053,13.299999999999988,26.20000000000005,19.900000000000006,22.100000000000016
382,10.499999999999998,0,0,60.000000000000604,61.60000000000063,13.599999999999987,25.200000000000053,13.299999999999988,26.30000000000005,19.900000000000006,22.100000000000016
383,10.499999999999998,0,0,60.000000000000604,62.200000000000635,13.599999999999987,25.800000000000054,13.299999999999988,26.30000000000005,20.400000000000006,22.100000000000016
384,10.499999999999998,0,0,60.40000000000061,62.200000000000635,13.599999999999987,25.800000000000054,13.299999999999988,26.30000000000005,20.400000000000006,22.100000000000016
385,10.499999999999998,0,0,60.50000000000061,62.30000000000064,13.599999999999987,25.800000000000054,13.299999999999988,26.600000000000055,20.400000000000006,22.100000000000016
386,10.499999999999998,0,0,60.50000000000061,62.60000000000064,13.599999999999987,26.500000000000057,13.299999999999988,26.600000000000055,20.900000000000006,22.100000000000016
387,10.499999999999998,0,0,60.60000000000061,62.70000000000064,13.599999999999987,26.500000000000057,13.399999999999988,26.600000000000055,20.900000000000006,22.100000000000016
388,10.499999999999998,0,0,60.60000000000061,63.10000000000065,13.599999999999987,26.500000000000057,13.399999999999988,26.600000000000055,20.900000000000006,22.100000000000016
389,10.499999999999998,0,0,60.800000000000615,63.10000000000065,13.599999999999987,26.500000000000057,13.399999999999988,26.600000000000055,20.900000000000006,22.100000000000016
390,10.499999999999998,0,0,60.800000000000615,63.30000000000065,13.599999999999987,26.500000000000057,13.399999999999988,26.600000000000055,20.900000000000006,22.100000000000016
391,10.499999999999998,0,0,61.00000000000062,63.30000000000065,13.599999999999987,26.500000000000057,13.399999999999988,26.600000000000055,20.900000000000006,22.100000000000016
392,10.499999999999998,0,0,61.00000000000062,63.500000000000654,13.599999999999987,26.500000000000057,13.399999999999988,26.600000000000055,20.900000000000006,22.100000000000016
393,10.499999999999998,0,0,61.00000000000062,63.90000000000066,13.599999999999987,26.500000000000057,13.399999999999988,26.600000000000055,20.900000000000006,22.100000000000016
394,10.499999999999998,0,0,61.00000000000062,64.10000000000065,13.599999999999987,26.500000000000057,13.399999999999988,26.600000000000055,20.900000000000006,22.100000000000016
395,10.499999999999998,0,0,61.10000000000062,64.20000000000064,13.599999999999987,26.500000000000057,13.499999999999988,26.600000000000055,20.900000000000006,22.100000000000016
396,10.499999999999998,0,0,61.10000000000062,64.50000000000063,13.599999999999987,26.80000000000006,13.499999999999988,26.600000000000055,20.900000000000006,22.100000000000016
397,10.499999999999998,0,0,61.10000000000062,64.60000000000062,13.599999999999987,26.900000000000063,13.499999999999988,26.600000000000055,20.900000000000006,22.100000000000016
398,10.499999999999998,0,0,61.30000000000062,64.60000000000062,13.599999999999987,26.900000000000063,13.499999999999988,26.600000000000055,20.900000000000006,22.100000000000016
399,10.499999999999998,0,0,61.30000000000062,65.0000000000006,13.599999999999987,27.500000000000064,13.499999999999988,26.600000000000055,21.400000000000006,22.100000000000016
400,10.499999999999998,0,0,61.500000000000625,65.0000000000006,13.599999999999987,27.500000000000064,13.499999999999988,26.600000000000055,21.400000000000006,22.100000000000016
401,10.499999999999998,0,0,61.90000000000063,65.0000000000006,13.599999999999987,27.500000000000064,13.499999999999988,26.600000000000055,21.400000000000006,22.100000000000016
402,10.499999999999998,0,0,61.90000000000063,65.40000000000057,13.599999999999987,27.500000000000064,13.499999999999988,26.600000000000055,21.400000000000006,22.100000000000016
403,10.499999999999998,0,0,62.00000000000063,65.50000000000057,13.599999999999987,27.500000000000064,13.499999999999988,26.700000000000056,21.400000000000006,22.100000000000016
404,10.499999999999998,0,0,62.100000000000634,65.60000000000056,13.599999999999987,27.500000000000064,13.599999999999987,26.700000000000056,21.400000000000006,22.100000000000016
405,10.499999999999998,0,0,62.100000000000634,66.00000000000054,13.599999999999987,28.100000000000065,13.599999999999987,26.700000000000056,21.900000000000006,22.100000000000016
406,10.499999999999998,0,0,62.200000000000635,66.10000000000053,13.599999999999987,28.100000000000065,13.699999999999987,26.700000000000056,21.900000000000006,22.30000000000002
407,10.499999999999998,0,0,62.200000000000635,66.40000000000052,13.599999999999987,28.40000000000007,13.699999999999987,26.700000000000056,21.900000000000006,22.30000000000002
408,10.499999999999998,0,0,62.200000000000635,66.8000000000005,13.599999999999987,28.40000000000007,13.699999999999987,26.700000000000056,21.900000000000006,22.30000000000002
409,10.499999999999998,0,0,62.60000000000064,66.8000000000005,13.599999999999987,28.40000000000007,13.699999999999987,26.700000000000056,21.900000000000006,22.30000000000002
410,10.499999999999998,0,0,63.00000000000065,66.8000000000005,13.599999999999987,28.40000000000007,13.699999999999987,26.700000000000056,21.900000000000006,22.50000000000002
411,10.499999999999998,0,0,63.10000000000065,66.90000000000049,13.599999999999987,28.40000000000007,13.799999999999986,26.700000000000056,21.900000000000006,22.50000000000002
412,10.499999999999998,0,0,63.10000000000065,67.10000000000048,13.599999999999987,28.40000000000007,13.799999999999986,26.700000000000056,21.900000000000006,22.50000000000002
413,10.499999999999998,0,0,63.20000000000065,67.20000000000047,13.599999999999987,28.40000000000007,13.799999999999986,26.800000000000058,21.900000000000006,22.50000000000002
414,10.499999999999998,0,0,63.20000000000065,67.60000000000045,13.599999999999987,28.40000000000007,13.799999999999986,26.800000000000058,21.900000000000006,22.50000000000002
415,10.499999999999998,0,0,63.40000000000065,67.60000000000045,13.599999999999987,28.40000000000007,13.799999999999986,27.00000000000006,21.900000000000006,22.50000000000002
416,10.499999999999998,0,0,63.40000000000065,68.00000000000043,13.599999999999987,28.40000000000007,13.799999999999986,27.00000000000006,21.900000000000006,22.50000000000002
417,10.499999999999998,0,0,63.500000000000654,68.10000000000042,13.599999999999987,28.40000000000007,13.799999999999986,27.200000000000063,22.000000000000007,22.50000000000002
418,10.499999999999998,0,0,63.90000000000066,68.10000000000042,13.599999999999987,28.40000000000007,13.799999999999986,27.200000000000063,22.000000000000007,22.50000000000002
419,10.499999999999998,0,0,64.00000000000065,68.20000000000041,13.599999999999987,28.40000000000007,13.799999999999986,27.200000000000063,22.10000000000001,22.50000000000002
420,10.499999999999998,0,0,64.00000000000065,68.4000000000004,13.599999999999987,28.40000000000007,13.799999999999986,27.200000000000063,22.10000000000001,22.50000000000002
421,10.499999999999998,0,0,64.00000000000065,68.60000000000039,13.599999999999987,28.40000000000007,13.799999999999986,27.200000000000063,22.10000000000001,22.50000000000002
422,10.499999999999998,0,0,64.10000000000065,68.70000000000039,13.599999999999987,28.40000000000007,13.799999999999986,27.200000000000063,22.400000000000013,22.50000000000002
423,10.499999999999998,0,0,64.20000000000064,68.80000000000038,13.699999999999987,28.40000000000007,13.799999999999986,27.400000000000066,22.400000000000013,22.50000000000002
424,10.499999999999998,0,0,64.30000000000064,69.00000000000037,13.699999999999987,28.50000000000007,13.799999999999986,27.400000000000066,22.400000000000013,22.50000000000002
425,10.499999999999998,0,0,64.30000000000064,69.20000000000036,13.699999999999987,28.50000000000007,13.799999999999986,27.400000000000066,22.400000000000013,22.50000000000002
426,10.499999999999998,0,0,64.30000000000064,69.80000000000032,13.699999999999987,29.100000000000072,13.799999999999986,27.400000000000066,22.900000000000013,22.50000000000002
427,10.499999999999998,0,0,64.70000000000061,69.80000000000032,13.699999999999987,29.100000000000072,13.799999999999986,27.400000000000066,22.900000000000013,22.50000000000002
428,10.499999999999998,0,0,65.10000000000059,69.80000000000032,13.699999999999987,29.100000000000072,13.799999999999986,27.60000000000007,22.900000000000013,22.50000000000002
429,10.499999999999998,0,0,65.30000000000058,69.80000000000032,13.699999999999987,29.100000000000072,13.799999999999986,27.60000000000007,22.900000000000013,22.50000000000002
430,10.499999999999998,0,0,65.70000000000056,69.80000000000032,13.699999999999987,29.100000000000072,13.799999999999986,27.60000000000007,22.900000000000013,22.50000000000002
431,10.499999999999998,0,0,65.80000000000055,69.90000000000032,13.699999999999987,29.100000000000072,13.799999999999986,27.70000000000007,22.900000000000013,22.50000000000002
432,10.499999999999998,0,0,65.80000000000055,70.1000000000003,13.699999999999987,29.100000000000072,13.799999999999986,27.70000000000007,22.900000000000013,22.50000000000002
433,10.499999999999998,0,0,65.80000000000055,70.50000000000028,13.699999999999987,29.100000000000072,13.799999999999986,27.70000000000007,22.900000000000013,22.50000000000002
434,10.499999999999998,0,0,65.90000000000055,70.50000000000028,13.799999999999986,29.100000000000072,13.799999999999986,27.80000000000007,22.900000000000013,22.50000000000002
435,10.499999999999998,0,0,66.30000000000052,70.50000000000028,13.799999999999986,29.100000000000072,13.799999999999986,28.400000000000073,22.900000000000013,23.00000000000002
436,10.499999999999998,0,0,66.30000000000052,70.70000000000027,13.799999999999986,29.300000000000075,13.799999999999986,28.400000000000073,22.900000000000013,23.00000000000002
437,10.499999999999998,0,0,66.30000000000052,70.80000000000027,13.799999999999986,29.300000000000075,13.799999999999986,28.400000000000073,23.000000000000014,23.00000000000002
438,10.499999999999998,0,0,66.30000000000052,71.20000000000024,13.799999999999986,29.300000000000075,13.799999999999986,28.400000000000073,23.000000000000014,23.00000000000002
439,10.499999999999998,0,0,66.40000000000052,71.30000000000024,13.899999999999986,29.300000000000075,13.799999999999986,28.400000000000073,23.000000000000014,23.00000000000002
440,10.499999999999998,0,0,66.50000000000051,71.40000000000023,13.899999999999986,29.300000000000075,13.799999999999986,28.400000000000073,23.000000000000014,23.100000000000023
441,10.499999999999998,0,0,66.50000000000051,71.80000000000021,13.899999999999986,29.300000000000075,13.799999999999986,28.400000000000073,23.100000000000016,23.100000000000023
442,10.499999999999998,0,0,66.7000000000005,71.80000000000021,13.899999999999986,29.300000000000075,13.799999999999986,28.400000000000073,23.100000000000016,23.100000000000023
443,10.499999999999998,0,0,67.00000000000048,71.80000000000021,13.899999999999986,29.300000000000075,13.799999999999986,28.700000000000077,23.100000000000016,23.100000000000023
444,10.499999999999998,0,0,67.10000000000048,71.9000000000002,13.899999999999986,29.500000000000078,13.799999999999986,28.700000000000077,23.100000000000016,23.200000000000024
445,10.499999999999998,0,0,67.10000000000048,72.30000000000018,13.899999999999986,30.10000000000008,13.799999999999986,28.700000000000077,23.600000000000016,23.200000000000024
446,10.499999999999998,0,0,67.50000000000045,72.30000000000018,13.899999999999986,30.10000000000008,13.799999999999986,28.700000000000077,23.600000000000016,23.200000000000024
447,10.499999999999998,0,0,67.50000000000045,72.70000000000016,13.899999999999986,30.10000000000008,13.799999999999986,28.700000000000077,23.600000000000016,23.200000000000024
448,10.499999999999998,0,0,67.50000000000045,72.90000000000015,13.899999999999986,30.10000000000008,13.799999999999986,28.700000000000077,23.600000000000016,23.200000000000024
449,10.499999999999998,0,0,68.10000000000042,72.90000000000015,13.899999999999986,30.10000000000008,13.799999999999986,29.30000000000008,23.600000000000016,23.700000000000024
450,10.499999999999998,0,0,68.20000000000041,73.00000000000014,13.899999999999986,30.10000000000008,13.899999999999986,29.30000000000008,23.600000000000016,23.700000000000024
451,10.499999999999998,0,0,68.20000000000041,73.20000000000013,13.899999999999986,30.10000000000008,13.899999999999986,29.30000000000008,23.600000000000016,23.700000000000024
452,10.499999999999998,0,0,68.30000000000041,73.30000000000013,13.999999999999986,30.10000000000008,13.899999999999986,29.30000000000008,23.600000000000016,23.700000000000024
453,10.499999999999998,0,0,68.4000000000004,73.40000000000012,13.999999999999986,30.10000000000008,13.999999999999986,29.30000000000008,23.600000000000016,23.700000000000024
454,10.499999999999998,0,0,68.80000000000038,73.40000000000012,13.999999999999986,30.10000000000008,13.999999999999986,29.30000000000008,23.600000000000016,23.700000000000024
455,10.499999999999998,0,0,68.80000000000038,73.50000000000011,13.999999999999986,30.10000000000008,13.999999999999986,29.30000000000008,23.700000000000017,23.700000000000024
456,10.499999999999998,0,0,69.00000000000037,73.50000000000011,13.999999999999986,30.10000000000008,13.999999999999986,29.50000000000008,23.700000000000017,23.700000000000024
457,10.499999999999998,0,0,69.40000000000035,73.50000000000011,13.999999999999986,30.10000000000008,13.999999999999986,29.50000000000008,23.700000000000017,23.700000000000024
458,10.499999999999998,0,0,69.50000000000034,73.60000000000011,13.999999999999986,30.10000000000008,13.999999999999986,29.600000000000083,23.700000000000017,23.700000000000024
459,10.499999999999998,0,0,69.50000000000034,74.00000000000009,13.999999999999986,30.10000000000008,13.999999999999986,29.600000000000083,23.700000000000017,23.700000000000024
460,10.499999999999998,0,0,69.50000000000034,74.30000000000007,13.999999999999986,30.20000000000008,13.999999999999986,29.600000000000083,23.90000000000002,23.700000000000024
461,10.499999999999998,0,0,69.50000000000034,74.50000000000006,13.999999999999986,30.20000000000008,13.999999999999986,29.600000000000083,23.90000000000002,23.700000000000024
462,10.499999999999998,0,0,69.50000000000034,74.90000000000003,13.999999999999986,30.20000000000008,13.999999999999986,29.600000000000083,24.00000000000002,23.700000000000024
463,10.499999999999998,0,0,69.50000000000034,75.10000000000002,13.999999999999986,30.20000000000008,13.999999999999986,29.600000000000083,24.00000000000002,23.700000000000024
464,10.499999999999998,0,0,69.50000000000034,75.5,13.999999999999986,30.20000000000008,13.999999999999986,29.600000000000083,24.00000000000002,23.700000000000024
465,10.499999999999998,0,0,69.60000000000034,75.6,13.999999999999986,30.20000000000008,13.999999999999986,29.700000000000085,24.00000000000002,23.700000000000024
466,10.499999999999998,0,0,69.70000000000033,75.69999999999999,13.999999999999986,30.20000000000008,13.999999999999986,29.800000000000086,24.00000000000002,23.700000000000024
467,10.499999999999998,0,0,69.80000000000032,75.79999999999998,14.099999999999985,30.20000000000008,13.999999999999986,29.800000000000086,24.00000000000002,23.700000000000024
468,10.499999999999998,0,0,70.2000000000003,75.79999999999998,14.099999999999985,30.20000000000008,13.999999999999986,29.800000000000086,24.00000000000002,23.700000000000024
469,10.499999999999998,0,0,70.2000000000003,75.99999999999997,14.099999999999985,30.20000000000008,13.999999999999986,29.800000000000086,24.00000000000002,23.700000000000024
470,10.499999999999998,0,0,70.2000000000003,76.19999999999996,14.099999999999985,30.20000000000008,13.999999999999986,29.800000000000086,24.00000000000002,23.700000000000024
471,10.499999999999998,0,0,70.2000000000003,76.59999999999994,14.099999999999985,30.400000000000084,13.999999999999986,29.800000000000086,24.00000000000002,23.700000000000024
472,10.499999999999998,0,0,70.3000000000003,76.69999999999993,14.099999999999985,30.400000000000084,14.099999999999985,29.800000000000086,24.00000000000002,23.700000000000024
473,10.499999999999998,0,0,70.40000000000029,76.79999999999993,14.099999999999985,30.400000000000084,14.099999999999985,29.800000000000086,24.00000000000002,23.800000000000026
474,10.499999999999998,0,0,70.80000000000027,76.79999999999993,14.099999999999985,30.400000000000084,14.099999999999985,29.800000000000086,24.00000000000002,24.00000000000003
475,10.499999999999998,0,0,70.80000000000027,77.1999999999999,14.099999999999985,30.400000000000084,14.099999999999985,29.800000000000086,24.00000000000002,24.00000000000003
476,10.499999999999998,0,0,70.90000000000026,77.2999999999999,14.099999999999985,30.400000000000084,14.099999999999985,29.800000000000086,24.100000000000023,24.00000000000003
477,10.499999999999998,0,0,70.90000000000026,77.69999999999987,14.099999999999985,30.400000000000084,14.099999999999985,29.800000000000086,24.100000000000023,24.00000000000003
478,10.499999999999998,0,0,70.90000000000026,78.29999999999984,14.099999999999985,31.000000000000085,14.099999999999985,29.800000000000086,24.600000000000023,24.00000000000003
479,10.499999999999998,0,0,71.00000000000026,78.39999999999984,14.099999999999985,31.000000000000085,14.199999999999985,29.800000000000086,24.600000000000023,24.00000000000003
480,10.499999999999998,0,0,71.00000000000026,78.9999999999998,14.099999999999985,31.600000000000087,14.199999999999985,29.800000000000086,25.100000000000023,24.00000000000003
481,10.499999999999998,0,0,71.20000000000024,78.9999999999998,14.099999999999985,31.600000000000087,14.199999999999985,29.800000000000086,25.100000000000023,24.00000000000003
482,10.499999999999998,0,0,71.20000000000024,79.19999999999979,14.099999999999985,31.600000000000087,14.199999999999985,29.800000000000086,25.100000000000023,24.00000000000003
483,10.499999999999998,0,0,71.40000000000023,79.19999999999979,14.099999999999985,31.600000000000087,14.199999999999985,29.800000000000086,25.100000000000023,24.00000000000003
484,10.499999999999998,0,0,71.50000000000023,79.29999999999978,14.199999999999985,31.600000000000087,14.199999999999985,29.800000000000086,25.100000000000023,24.00000000000003
485,10.499999999999998,0,0,71.50000000000023,79.39999999999978,14.199999999999985,31.600000000000087,14.199999999999985,29.800000000000086,25.200000000000024,24.00000000000003
486,10.499999999999998,0,0,71.50000000000023,79.79999999999976,14.199999999999985,31.600000000000087,14.199999999999985,29.800000000000086,25.200000000000024,24.00000000000003
487,10.499999999999998,0,0,71.50000000000023,80.19999999999973,14.199999999999985,31.600000000000087,14.199999999999985,29.800000000000086,25.200000000000024,24.00000000000003
488,10.499999999999998,0,0,71.9000000000002,80.19999999999973,14.199999999999985,31.600000000000087,14.199999999999985,29.800000000000086,25.200000000000024,24.00000000000003
489,10.499999999999998,0,0,72.1000000000002,80.19999999999973,14.199999999999985,31.600000000000087,14.199999999999985,30.00000000000009,25.200000000000024,24.00000000000003
490,10.499999999999998,0,0,72.50000000000017,80.19999999999973,14.199999999999985,31.600000000000087,14.199999999999985,30.00000000000009,25.200000000000024,24.00000000000003
491,10.499999999999998,0,0,72.60000000000016,80.29999999999973,14.199999999999985,31.600000000000087,14.199999999999985,30.10000000000009,25.200000000000024,24.00000000000003
492,10.499999999999998,0,0,72.80000000000015,80.29999999999973,14.199999999999985,31.600000000000087,14.199999999999985,30.10000000000009,25.200000000000024,24.00000000000003
493,10.499999999999998,0,0,72.90000000000015,80.39999999999972,14.199999999999985,31.700000000000088,14.199999999999985,30.10000000000009,25.200000000000024,24.00000000000003
494,10.499999999999998,0,0,73.10000000000014,80.39999999999972,14.199999999999985,31.700000000000088,14.199999999999985,30.10000000000009,25.200000000000024,24.00000000000003
495,10.499999999999998,0,0,73.10000000000014,80.59999999999971,14.199999999999985,31.700000000000088,14.199999999999985,30.10000000000009,25.200000000000024,24.00000000000003
496,10.499999999999998,0,0,73.20000000000013,80.6999999999997,14.199999999999985,31.700000000000088,14.199999999999985,30.20000000000009,25.200000000000024,24.00000000000003
497,10.499999999999998,0,0,73.30000000000013,80.7999999999997,14.199999999999985,31.700000000000088,14.299999999999985,30.20000000000009,25.200000000000024,24.00000000000003
498,10.499999999999998,0,0,73.30000000000013,81.39999999999966,14.199999999999985,32.30000000000009,14.299999999999985,30.20000000000009,25.700000000000024,24.00000000000003
499,10.499999999999998,0,0,73.50000000000011,81.39999999999966,14.199999999999985,32.30000000000009,14.299999999999985,30.20000000000009,25.700000000000024,24.00000000000003
500,10.499999999999998,0,0,73.60000000000011,81.49999999999966,14.199999999999985,32.30000000000009,14.299999999999985,30.500000000000096,25.700000000000024,24.00000000000003
501,10.499999999999998,0,0,74.00000000000009,81.49999999999966,14.199999999999985,32.30000000000009,14.299999999999985,30.500000000000096,25.700000000000024,24.00000000000003
502,10.499999999999998,0,0,74.10000000000008,81.49999999999966,14.199999999999985,32.30000000000009,14.299999999999985,30.500000000000096,25.700000000000024,24.300000000000033
503,10.499999999999998,0,0,74.20000000000007,81.59999999999965,14.199999999999985,32.30000000000009,14.399999999999984,30.500000000000096,25.700000000000024,24.300000000000033
504,10.499999999999998,0,0,74.30000000000007,81.69999999999965,14.199999999999985,32.30000000000009,14.499999999999984,30.500000000000096,25.700000000000024,24.300000000000033
505,10.499999999999998,0,0,74.40000000000006,81.79999999999964,14.199999999999985,32.30000000000009,14.499999999999984,30.600000000000097,25.700000000000024,24.300000000000033
506,10.499999999999998,0,0,74.50000000000006,81.89999999999964,14.299999999999985,32.30000000000009,14.499999999999984,30.600000000000097,25.700000000000024,24.300000000000033
507,10.499999999999998,0,0,74.90000000000003,81.89999999999964,14.299999999999985,32.30000000000009,14.499999999999984,30.600000000000097,25.700000000000024,24.300000000000033
508,10.499999999999998,0,0,75.10000000000002,81.99999999999963,14.399999999999984,32.30000000000009,14.499999999999984,30.600000000000097,25.700000000000024,24.300000000000033
509,10.499999999999998,0,0,75.5,81.99999999999963,14.399999999999984,32.30000000000009,14.499999999999984,30.600000000000097,25.700000000000024,24.300000000000033
510,10.499999999999998,0,0,75.6,82.09999999999962,14.399999999999984,32.30000000000009,14.599999999999984,30.600000000000097,25.700000000000024,24.500000000000036
511,10.599999999999998,0,0,75.79999999999998,82.09999999999962,14.399999999999984,32.30000000000009,14.599999999999984,30.600000000000097,25.700000000000024,24.500000000000036
512,10.599999999999998,0,0,75.89999999999998,82.19999999999962,14.399999999999984,32.40000000000009,14.599999999999984,30.600000000000097,25.700000000000024,24.500000000000036
513,10.599999999999998,0,0,76.29999999999995,82.19999999999962,14.399999999999984,32.40000000000009,14.599999999999984,30.600000000000097,25.700000000000024,24.500000000000036
514,10.599999999999998,0,0,76.29999999999995,82.39999999999961,14.399999999999984,32.40000000000009,14.699999999999983,30.600000000000097,25.700000000000024,24.500000000000036
515,10.599999999999998,0,0,76.49999999999994,82.39999999999961,14.399999999999984,32.40000000000009,14.699999999999983,30.600000000000097,25.700000000000024,24.500000000000036
516,10.599999999999998,0,0,76.59999999999994,82.4999999999996,14.499999999999984,32.40000000000009,14.699999999999983,30.600000000000097,25.700000000000024,24.500000000000036
517,10.599999999999998,0,0,76.99999999999991,82.4999999999996,14.499999999999984,32.40000000000009,14.699999999999983,30.600000000000097,25.700000000000024,24.500000000000036
518,10.599999999999998,0,0,77.39999999999989,82.4999999999996,14.499999999999984,32.40000000000009,14.699999999999983,30.600000000000097,25.700000000000024,24.500000000000036
519,10.599999999999998,0,0,77.59999999999988,82.4999999999996,14.499999999999984,32.40000000000009,14.699999999999983,30.600000000000097,25.700000000000024,24.500000000000036
520,10.599999999999998,0,0,77.69999999999987,82.5999999999996,14.499999999999984,33.100000000000094,14.899999999999983,30.600000000000097,25.700000000000024,25.000000000000036
521,10.599999999999998,0,0,77.79999999999987,82.69999999999959,14.599999999999984,33.100000000000094,14.899999999999983,30.600000000000097,25.700000000000024,25.000000000000036
522,10.599999999999998,0,0,77.99999999999986,82.69999999999959,14.599999999999984,33.100000000000094,14.899999999999983,30.600000000000097,25.700000000000024,25.000000000000036
523,10.599999999999998,0,0,78.09999999999985,82.79999999999959,14.599999999999984,33.100000000000094,14.999999999999982,30.600000000000097,25.700000000000024,25.000000000000036
524,10.599999999999998,0,0,78.69999999999982,82.79999999999959,14.599999999999984,33.100000000000094,14.999999999999982,31.2000000000001,25.700000000000024,25.500000000000036
525,10.599999999999998,0,0,79.0999999999998,82.79999999999959,14.599999999999984,33.100000000000094,14.999999999999982,31.2000000000001,25.700000000000024,25.500000000000036
526,10.599999999999998,0,0,79.29999999999978,82.79999999999959,14.599999999999984,33.100000000000094,14.999999999999982,31.2000000000001,25.700000000000024,25.70000000000004
527,10.599999999999998,0,0,79.29999999999978,83.09999999999957,14.599999999999984,33.200000000000095,14.999999999999982,31.2000000000001,25.700000000000024,25.70000000000004
528,10.599999999999998,0,0,79.39999999999978,83.19999999999956,14.599999999999984,33.200000000000095,14.999999999999982,31.3000000000001,25.700000000000024,25.70000000000004
529,10.599999999999998,0,0,79.79999999999976,83.19999999999956,14.599999999999984,33.200000000000095,14.999999999999982,31.3000000000001,25.700000000000024,25.70000000000004
530,10.599999999999998,0,0,79.89999999999975,83.29999999999956,14.699999999999983,33.200000000000095,14.999999999999982,31.3000000000001,25.700000000000024,25.70000000000004
531,10.599999999999998,0,0,79.89999999999975,83.49999999999955,14.699999999999983,33.200000000000095,14.999999999999982,31.3000000000001,25.700000000000024,25.70000000000004
532,10.599999999999998,0,0,79.89999999999975,83.69999999999953,14.699999999999983,33.200000000000095,14.999999999999982,31.3000000000001,25.700000000000024,25.70000000000004
533,10.599999999999998,0,0,79.99999999999974,83.79999999999953,14.799999999999983,33.200000000000095,14.999999999999982,31.3000000000001,25.700000000000024,25.70000000000004
534,10.599999999999998,0,0,79.99999999999974,83.99999999999952,14.799999999999983,33.200000000000095,14.999999999999982,31.3000000000001,25.700000000000024,25.70000000000004
535,10.599999999999998,0,0,80.09999999999974,84.09999999999951,14.799999999999983,33.3000000000001,14.999999999999982,31.3000000000001,25.700000000000024,25.70000000000004
536,10.599999999999998,0,0,80.49999999999972,84.09999999999951,14.799999999999983,33.3000000000001,14.999999999999982,31.3000000000001,25.700000000000024,25.90000000000004
537,10.599999999999998,0,0,80.59999999999971,84.1999999999995,14.799999999999983,33.3000000000001,15.099999999999982,31.3000000000001,25.700000000000024,25.90000000000004
538,10.599999999999998,0,0,80.59999999999971,84.59999999999948,14.799999999999983,33.3000000000001,15.099999999999982,31.3000000000001,25.700000000000024,25.90000000000004
539,10.599999999999998,0,0,80.99999999999969,84.59999999999948,14.799999999999983,33.3000000000001,15.099999999999982,31.3000000000001,25.700000000000024,25.90000000000004
540,10.599999999999998,0,0,80.99999999999969,85.19999999999945,14.799999999999983,33.9000000000001,15.099999999999982,31.3000000000001,26.200000000000024,25.90000000000004
541,10.599999999999998,0,0,81.19999999999968,85.19999999999945,14.799999999999983,33.9000000000001,15.099999999999982,31.3000000000001,26.200000000000024,25.90000000000004
542,10.599999999999998,0,0,81.19999999999968,85.59999999999943,14.799999999999983,34.5000000000001,15.099999999999982,31.3000000000001,26.700000000000024,25.90000000000004
543,10.599999999999998,0,0,81.59999999999965,85.59999999999943,14.799999999999983,34.5000000000001,15.099999999999982,31.3000000000001,26.700000000000024,25.90000000000004
544,10.599999999999998,0,0,81.99999999999963,85.59999999999943,14.799999999999983,34.5000000000001,15.099999999999982,31.9000000000001,26.700000000000024,26.40000000000004
545,10.599999999999998,0,0,82.09999999999962,85.69999999999942,14.799999999999983,34.5000000000001,15.199999999999982,31.9000000000001,26.700000000000024,26.40000000000004
546,10.599999999999998,0,0,82.09999999999962,85.89999999999941,14.799999999999983,34.5000000000001,15.199999999999982,31.9000000000001,26.700000000000024,26.40000000000004
547,10.599999999999998,0,0,82.09999999999962,86.0999999999994,14.799999999999983,34.5000000000001,15.199999999999982,31.9000000000001,26.700000000000024,26.40000000000004
548,10.599999999999998,0,0,82.19999999999962,86.19999999999939,14.799999999999983,34.5000000000001,15.199999999999982,32.0000000000001,26.700000000000024,26.40000000000004
549,10.599999999999998,0,0,82.5999999999996,86.19999999999939,14.799999999999983,34.5000000000001,15.199999999999982,32.0000000000001,26.700000000000024,26.40000000000004
550,10.599999999999998,0,0,82.69999999999959,86.29999999999939,14.799999999999983,34.5000000000001,15.199999999999982,32.1000000000001,26.700000000000024,26.40000000000004
551,10.599999999999998,0,0,83.29999999999956,86.29999999999939,14.799999999999983,34.5000000000001,15.199999999999982,32.7000000000001,26.700000000000024,26.90000000000004
552,10.599999999999998,0,0,83.29999999999956,86.49999999999937,14.799999999999983,34.5000000000001,15.199999999999982,32.7000000000001,26.700000000000024,26.90000000000004
553,10.599999999999998,0,0,83.39999999999955,86.59999999999937,14.799999999999983,34.5000000000001,15.199999999999982,32.7000000000001,26.700000000000024,27.000000000000043
554,10.599999999999998,0,0,83.89999999999952,86.59999999999937,14.799999999999983,34.5000000000001,15.199999999999982,33.400000000000105,26.700000000000024,27.500000000000043
555,10.599999999999998,0,0,83.89999999999952,86.79999999999936,14.799999999999983,34.5000000000001,15.199999999999982,33.400000000000105,26.700000000000024,27.500000000000043
556,10.599999999999998,0,0,83.89999999999952,86.99999999999935,14.799999999999983,34.5000000000001,15.199999999999982,33.400000000000105,26.900000000000027,27.500000000000043
557,10.599999999999998,0,0,84.2999999999995,86.99999999999935,14.799999999999983,34.5000000000001,15.199999999999982,33.400000000000105,26.900000000000027,27.500000000000043
558,10.599999999999998,0,0,84.3999999999995,87.09999999999934,14.799999999999983,34.6000000000001,15.199999999999982,33.400000000000105,26.900000000000027,27.500000000000043
559,10.599999999999998,0,0,84.49999999999949,87.19999999999933,14.799999999999983,34.6000000000001,15.199999999999982,33.50000000000011,26.900000000000027,27.500000000000043
560,10.599999999999998,0,0,84.69999999999948,87.19999999999933,14.799999999999983,34.6000000000001,15.199999999999982,33.50000000000011,26.900000000000027,27.700000000000045
561,10.599999999999998,0,0,84.69999999999948,87.49999999999932,14.799999999999983,35.300000000000104,15.199999999999982,33.50000000000011,27.400000000000027,27.700000000000045
562,10.599999999999998,0,0,84.69999999999948,87.7999999999993,14.799999999999983,35.400000000000105,15.199999999999982,33.50000000000011,27.400000000000027,27.700000000000045
563,10.599999999999998,0,0,84.79999999999947,87.8999999999993,14.799999999999983,36.00000000000011,15.49999999999998,33.50000000000011,27.400000000000027,28.200000000000045
564,10.599999999999998,0,0,84.99999999999946,87.8999999999993,14.799999999999983,36.00000000000011,15.49999999999998,33.50000000000011,27.400000000000027,28.200000000000045
565,10.599999999999998,0,0,85.09999999999945,87.99999999999929,14.799999999999983,36.00000000000011,15.49999999999998,33.60000000000011,27.400000000000027,28.200000000000045
566,10.599999999999998,0,0,85.49999999999943,87.99999999999929,14.799999999999983,36.00000000000011,15.49999999999998,33.60000000000011,27.400000000000027,28.200000000000045
567,10.599999999999998,0,0,85.49999999999943,88.39999999999927,14.799999999999983,36.00000000000011,15.49999999999998,33.60000000000011,27.400000000000027,28.200000000000045
568,10.599999999999998,0,0,85.59999999999943,88.49999999999926,14.799999999999983,36.10000000000011,15.49999999999998,33.60000000000011,27.400000000000027,28.200000000000045
569,10.599999999999998,0,0,85.59999999999943,88.89999999999924,14.799999999999983,36.10000000000011,15.49999999999998,33.60000000000011,27.400000000000027,28.200000000000045
570,10.599999999999998,0,0,85.59999999999943,89.29999999999922,14.799999999999983,36.70000000000011,15.49999999999998,33.60000000000011,27.900000000000027,28.200000000000045
571,10.599999999999998,0,0,85.59999999999943,89.4999999999992,14.799999999999983,36.70000000000011,15.49999999999998,33.60000000000011,27.900000000000027,28.200000000000045
572,10.599999999999998,0,0,85.69999999999942,89.5999999999992,14.899999999999983,36.70000000000011,15.49999999999998,33.60000000000011,27.900000000000027,28.200000000000045
573,10.599999999999998,0,0,85.79999999999941,89.69999999999919,14.899999999999983,36.80000000000011,15.49999999999998,33.60000000000011,27.900000000000027,28.200000000000045
574,10.599999999999998,0,0,86.0999999999994,89.69999999999919,14.899999999999983,36.80000000000011,15.49999999999998,33.70000000000011,27.900000000000027,28.200000000000045
575,10.599999999999998,0,0,86.29999999999939,89.69999999999919,14.899999999999983,36.80000000000011,15.49999999999998,33.70000000000011,27.900000000000027,28.200000000000045
576,10.599999999999998,0,0,86.69999999999936,89.69999999999919,14.899999999999983,36.80000000000011,15.49999999999998,33.70000000000011,27.900000000000027,28.200000000000045
577,10.599999999999998,0,0,86.69999999999936,90.09999999999917,14.899999999999983,37.000000000000114,15.49999999999998,33.70000000000011,27.900000000000027,28.200000000000045
578,10.599999999999998,0,0,87.09999999999934,90.09999999999917,14.899999999999983,37.000000000000114,15.49999999999998,33.70000000000011,27.900000000000027,28.200000000000045
579,10.599999999999998,0,0,87.29999999999933,90.09999999999917,14.899999999999983,37.000000000000114,15.49999999999998,33.70000000000011,27.900000000000027,28.200000000000045
580,10.599999999999998,0,0,87.49999999999932,90.09999999999917,14.899999999999983,37.000000000000114,15.49999999999998,33.70000000000011,27.900000000000027,28.200000000000045
581,10.599999999999998,0,0,87.8999999999993,90.09999999999917,14.899999999999983,37.000000000000114,15.49999999999998,33.70000000000011,27.900000000000027,28.40000000000005
582,10.599999999999998,0,0,87.99999999999929,90.19999999999916,14.999999999999982,37.000000000000114,15.49999999999998,33.70000000000011,27.900000000000027,28.40000000000005
583,10.599999999999998,0,0,88.39999999999927,90.19999999999916,14.999999999999982,37.000000000000114,15.49999999999998,33.70000000000011,27.900000000000027,28.40000000000005
584,10.599999999999998,0,0,88.59999999999926,90.19999999999916,14.999999999999982,37.000000000000114,15.49999999999998,33.70000000000011,27.900000000000027,28.40000000000005
585,10.599999999999998,0,0,88.99999999999923,90.19999999999916,14.999999999999982,37.000000000000114,15.49999999999998,33.70000000000011,27.900000000000027,28.40000000000005
586,10.599999999999998,0,0,88.99999999999923,90.59999999999914,14.999999999999982,37.000000000000114,15.49999999999998,33.70000000000011,27.900000000000027,28.40000000000005
587,10.599999999999998,0,0,89.39999999999921,90.59999999999914,14.999999999999982,37.000000000000114,15.49999999999998,33.70000000000011,27.900000000000027,28.40000000000005
588,10.599999999999998,0,0,89.4999999999992,90.69999999999914,14.999999999999982,37.000000000000114,15.49999999999998,33.70000000000011,27.900000000000027,28.50000000000005
589,10.599999999999998,0,0,89.5999999999992,90.79999999999913,15.099999999999982,37.000000000000114,15.49999999999998,33.70000000000011,27.900000000000027,28.50000000000005
590,10.599999999999998,0,0,89.5999999999992,90.99999999999912,15.099999999999982,37.000000000000114,15.49999999999998,33.70000000000011,27.900000000000027,28.50000000000005
591,10.599999999999998,0,0,89.79999999999919,90.99999999999912,15.099999999999982,37.000000000000114,15.49999999999998,33.70000000000011,27.900000000000027,28.50000000000005
592,10.599999999999998,0,0,89.79999999999919,91.3999999999991,15.099999999999982,37.000000000000114,15.49999999999998,33.70000000000011,27.900000000000027,28.50000000000005
593,10.599999999999998,0,0,89.89999999999918,91.49999999999909,15.099999999999982,37.000000000000114,15.59999999999998,33.70000000000011,27.900000000000027,28.50000000000005
594,10.599999999999998,0,0,89.99999999999918,91.59999999999908,15.099999999999982,37.100000000000115,15.59999999999998,33.70000000000011,27.900000000000027,28.50000000000005
595,10.599999999999998,0,0,90.29999999999916,91.59999999999908,15.099999999999982,37.100000000000115,15.59999999999998,34.40000000000011,27.900000000000027,29.00000000000005
596,10.599999999999998,0,0,90.49999999999915,91.59999999999908,15.099999999999982,37.100000000000115,15.59999999999998,34.40000000000011,27.900000000000027,29.00000000000005
597,10.599999999999998,0,0,90.59999999999914,91.69999999999908,15.199999999999982,37.100000000000115,15.59999999999998,34.40000000000011,27.900000000000027,29.00000000000005
598,10.599999999999998,0,0,90.89999999999912,91.69999999999908,15.199999999999982,37.100000000000115,15.59999999999998,35.100000000000115,27.900000000000027,29.50000000000005
