Line,"{'+definite', '+atomic'} - definite - a_2","{'+definite', '-atomic'} - definite - e_1","{'+definite', '+atomic'} - definite - o_2","{'-definite', '+atomic'} - definite - o_2","{'-definite', '+atomic'} - definite - a_2","{'+definite', '-atomic'} - definite - i_2"
0,,,,,,
1,,,,,,
2,1,1.2000000000000002,1,,,
3,1,1.2000000000000002,1.1,1,,
4,1.1,1.3000000000000003,1.1,1,,
5,1.3000000000000003,1.4000000000000004,1.1,1,,
6,1.4000000000000004,1.5000000000000004,1.1,1,,
7,1.4000000000000004,1.5000000000000004,1.2000000000000002,1.1,,
8,1.5000000000000004,1.5000000000000004,1.2000000000000002,1.1,1,
9,1.6000000000000005,1.5000000000000004,1.2000000000000002,1.1,1.1,
10,1.7000000000000006,1.5000000000000004,1.3000000000000003,1.1,1.1,1.1
11,1.8000000000000007,1.5000000000000004,1.4000000000000004,1.1,1.1,1.4000000000000004
12,1.9000000000000008,1.7000000000000006,1.5000000000000004,1.1,1.1,1.4000000000000004
13,2.000000000000001,1.7000000000000006,1.5000000000000004,1.1,1.2000000000000002,1.4000000000000004
14,2.100000000000001,2.000000000000001,1.6000000000000005,1.1,1.2000000000000002,1.4000000000000004
15,2.100000000000001,2.100000000000001,1.9000000000000008,1.2000000000000002,1.2000000000000002,1.5000000000000004
16,2.200000000000001,2.100000000000001,2.000000000000001,1.2000000000000002,1.2000000000000002,1.7000000000000006
17,2.200000000000001,2.200000000000001,2.4000000000000012,1.3000000000000003,1.2000000000000002,1.8000000000000007
18,2.200000000000001,2.300000000000001,2.7000000000000015,1.4000000000000004,1.2000000000000002,1.9000000000000008
19,2.300000000000001,2.300000000000001,2.7000000000000015,1.4000000000000004,1.4000000000000004,1.9000000000000008
20,2.300000000000001,2.300000000000001,2.8000000000000016,1.5000000000000004,1.4000000000000004,1.9000000000000008
21,2.300000000000001,2.300000000000001,2.9000000000000017,1.7000000000000006,1.4000000000000004,1.9000000000000008
22,2.4000000000000012,2.300000000000001,2.9000000000000017,1.7000000000000006,1.6000000000000005,1.9000000000000008
23,2.5000000000000013,2.300000000000001,3.0000000000000018,1.7000000000000006,1.6000000000000005,2.100000000000001
24,2.5000000000000013,2.300000000000001,3.100000000000002,1.8000000000000007,1.6000000000000005,2.100000000000001
25,2.5000000000000013,2.4000000000000012,3.400000000000002,1.9000000000000008,1.6000000000000005,2.200000000000001
26,2.5000000000000013,2.5000000000000013,3.7000000000000024,2.000000000000001,1.6000000000000005,2.300000000000001
27,2.6000000000000014,2.5000000000000013,3.8000000000000025,2.000000000000001,1.6000000000000005,2.6000000000000014
28,2.7000000000000015,2.5000000000000013,3.8000000000000025,2.000000000000001,1.7000000000000006,2.6000000000000014
29,3.0000000000000018,2.6000000000000014,3.8000000000000025,2.000000000000001,1.8000000000000007,2.7000000000000015
30,3.0000000000000018,2.6000000000000014,3.9000000000000026,2.100000000000001,1.8000000000000007,2.7000000000000015
31,3.400000000000002,2.7000000000000015,3.9000000000000026,2.100000000000001,1.9000000000000008,2.8000000000000016
32,3.500000000000002,2.9000000000000017,4.000000000000003,2.100000000000001,1.9000000000000008,2.8000000000000016
33,3.500000000000002,2.9000000000000017,4.100000000000002,2.200000000000001,1.9000000000000008,2.8000000000000016
34,3.6000000000000023,3.100000000000002,4.200000000000002,2.200000000000001,1.9000000000000008,2.8000000000000016
35,3.7000000000000024,3.300000000000002,4.300000000000002,2.200000000000001,1.9000000000000008,2.8000000000000016
36,3.7000000000000024,3.300000000000002,4.400000000000001,2.300000000000001,1.9000000000000008,2.8000000000000016
37,3.7000000000000024,3.300000000000002,4.500000000000001,2.4000000000000012,1.9000000000000008,2.8000000000000016
38,3.8000000000000025,3.300000000000002,4.500000000000001,2.4000000000000012,2.000000000000001,2.8000000000000016
39,3.8000000000000025,3.300000000000002,4.6000000000000005,2.5000000000000013,2.000000000000001,2.8000000000000016
40,3.8000000000000025,3.400000000000002,4.8999999999999995,2.6000000000000014,2.000000000000001,2.9000000000000017
41,3.9000000000000026,3.7000000000000024,4.999999999999999,2.6000000000000014,2.000000000000001,2.9000000000000017
42,4.000000000000003,3.7000000000000024,5.099999999999999,2.6000000000000014,2.000000000000001,3.100000000000002
43,4.100000000000002,3.7000000000000024,5.099999999999999,2.6000000000000014,2.100000000000001,3.100000000000002
44,4.400000000000001,3.8000000000000025,5.099999999999999,2.6000000000000014,2.200000000000001,3.200000000000002
45,4.7,3.9000000000000026,5.099999999999999,2.6000000000000014,2.300000000000001,3.300000000000002
46,4.7,3.9000000000000026,5.199999999999998,2.8000000000000016,2.300000000000001,3.300000000000002
47,4.8,4.100000000000002,5.299999999999998,2.8000000000000016,2.300000000000001,3.300000000000002
48,4.8,4.200000000000002,5.599999999999997,2.9000000000000017,2.300000000000001,3.400000000000002
49,4.8999999999999995,4.200000000000002,5.699999999999997,2.9000000000000017,2.300000000000001,3.6000000000000023
50,4.8999999999999995,4.200000000000002,5.799999999999996,3.0000000000000018,2.300000000000001,3.6000000000000023
51,4.999999999999999,4.500000000000001,5.899999999999996,3.0000000000000018,2.300000000000001,3.6000000000000023
52,5.099999999999999,4.500000000000001,5.999999999999996,3.0000000000000018,2.300000000000001,3.8000000000000025
53,5.099999999999999,4.6000000000000005,6.399999999999994,3.100000000000002,2.300000000000001,3.9000000000000026
54,5.199999999999998,4.6000000000000005,6.499999999999994,3.100000000000002,2.300000000000001,4.200000000000002
55,5.299999999999998,4.6000000000000005,6.499999999999994,3.100000000000002,2.4000000000000012,4.200000000000002
56,5.399999999999998,4.8,6.599999999999993,3.100000000000002,2.4000000000000012,4.200000000000002
57,5.399999999999998,4.8,6.699999999999993,3.200000000000002,2.4000000000000012,4.200000000000002
58,5.499999999999997,4.8,6.699999999999993,3.200000000000002,2.5000000000000013,4.200000000000002
59,5.799999999999996,4.8999999999999995,6.699999999999993,3.200000000000002,2.6000000000000014,4.300000000000002
60,5.899999999999996,5.099999999999999,6.799999999999993,3.200000000000002,2.6000000000000014,4.300000000000002
61,5.999999999999996,5.099999999999999,6.899999999999992,3.200000000000002,2.6000000000000014,4.500000000000001
62,6.099999999999995,5.099999999999999,6.999999999999992,3.200000000000002,2.6000000000000014,4.7
63,6.399999999999994,5.199999999999998,6.999999999999992,3.200000000000002,2.7000000000000015,4.8
64,6.399999999999994,5.199999999999998,7.099999999999992,3.400000000000002,2.7000000000000015,4.8
65,6.799999999999993,5.299999999999998,7.099999999999992,3.400000000000002,2.8000000000000016,4.8999999999999995
66,6.799999999999993,5.299999999999998,7.199999999999991,3.6000000000000023,2.8000000000000016,4.8999999999999995
67,6.799999999999993,5.299999999999998,7.299999999999991,3.7000000000000024,2.8000000000000016,4.8999999999999995
68,6.799999999999993,5.399999999999998,7.59999999999999,3.8000000000000025,2.8000000000000016,4.999999999999999
69,6.799999999999993,5.399999999999998,7.6999999999999895,3.9000000000000026,2.8000000000000016,4.999999999999999
70,6.799999999999993,5.499999999999997,8.099999999999989,4.000000000000003,2.8000000000000016,5.099999999999999
71,6.899999999999992,5.499999999999997,8.099999999999989,4.000000000000003,2.9000000000000017,5.099999999999999
72,6.899999999999992,5.599999999999997,8.399999999999988,4.100000000000002,2.9000000000000017,5.199999999999998
73,6.999999999999992,5.599999999999997,8.399999999999988,4.100000000000002,3.0000000000000018,5.199999999999998
74,6.999999999999992,5.699999999999997,8.699999999999987,4.200000000000002,3.0000000000000018,5.299999999999998
75,6.999999999999992,5.799999999999996,8.999999999999986,4.300000000000002,3.0000000000000018,5.399999999999998
76,7.099999999999992,5.799999999999996,8.999999999999986,4.300000000000002,3.100000000000002,5.399999999999998
77,7.099999999999992,5.799999999999996,9.099999999999985,4.400000000000001,3.100000000000002,5.399999999999998
78,7.099999999999992,5.799999999999996,9.199999999999985,4.500000000000001,3.100000000000002,5.399999999999998
79,7.099999999999992,5.899999999999996,9.499999999999984,4.6000000000000005,3.100000000000002,5.499999999999997
80,7.199999999999991,6.099999999999995,9.599999999999984,4.6000000000000005,3.100000000000002,5.499999999999997
81,7.49999999999999,6.199999999999995,9.599999999999984,4.6000000000000005,3.200000000000002,5.599999999999997
82,7.59999999999999,6.399999999999994,9.699999999999983,4.6000000000000005,3.200000000000002,5.599999999999997
83,7.6999999999999895,6.399999999999994,9.799999999999983,4.6000000000000005,3.200000000000002,5.799999999999996
84,7.9999999999999885,6.499999999999994,9.799999999999983,4.6000000000000005,3.300000000000002,5.899999999999996
85,8.099999999999989,6.499999999999994,9.899999999999983,4.6000000000000005,3.300000000000002,6.099999999999995
86,8.099999999999989,6.599999999999993,10.199999999999982,4.7,3.300000000000002,6.199999999999995
87,8.199999999999989,6.599999999999993,10.199999999999982,4.7,3.500000000000002,6.199999999999995
88,8.199999999999989,6.599999999999993,10.299999999999981,4.8,3.500000000000002,6.199999999999995
89,8.199999999999989,6.699999999999993,10.59999999999998,4.8999999999999995,3.500000000000002,6.2999999999999945
90,8.299999999999988,6.899999999999992,10.69999999999998,4.8999999999999995,3.500000000000002,6.2999999999999945
91,8.299999999999988,6.999999999999992,10.999999999999979,4.999999999999999,3.500000000000002,6.399999999999994
92,8.299999999999988,6.999999999999992,11.099999999999978,5.099999999999999,3.500000000000002,6.399999999999994
93,8.399999999999988,6.999999999999992,11.099999999999978,5.099999999999999,3.6000000000000023,6.399999999999994
94,8.699999999999987,7.099999999999992,11.099999999999978,5.099999999999999,3.7000000000000024,6.499999999999994
95,8.699999999999987,7.099999999999992,11.199999999999978,5.199999999999998,3.7000000000000024,6.499999999999994
96,8.699999999999987,7.199999999999991,11.499999999999977,5.299999999999998,3.7000000000000024,6.599999999999993
97,8.799999999999986,7.199999999999991,11.499999999999977,5.299999999999998,3.9000000000000026,6.599999999999993
98,9.199999999999985,7.299999999999991,11.499999999999977,5.299999999999998,4.000000000000003,6.699999999999993
99,9.299999999999985,7.49999999999999,11.599999999999977,5.299999999999998,4.000000000000003,6.699999999999993
100,9.399999999999984,7.49999999999999,11.699999999999976,5.299999999999998,4.000000000000003,6.899999999999992
101,9.499999999999984,7.49999999999999,11.799999999999976,5.299999999999998,4.000000000000003,7.099999999999992
102,9.599999999999984,7.6999999999999895,11.899999999999975,5.299999999999998,4.000000000000003,7.099999999999992
103,9.699999999999983,7.6999999999999895,11.999999999999975,5.299999999999998,4.000000000000003,7.299999999999991
104,9.699999999999983,7.6999999999999895,12.099999999999975,5.399999999999998,4.000000000000003,7.299999999999991
105,9.799999999999983,7.6999999999999895,12.199999999999974,5.399999999999998,4.000000000000003,7.49999999999999
106,9.899999999999983,7.899999999999989,12.299999999999974,5.399999999999998,4.000000000000003,7.49999999999999
107,9.899999999999983,7.899999999999989,12.399999999999974,5.499999999999997,4.000000000000003,7.49999999999999
108,9.999999999999982,7.899999999999989,12.499999999999973,5.499999999999997,4.000000000000003,7.6999999999999895
109,10.099999999999982,7.899999999999989,12.499999999999973,5.499999999999997,4.100000000000002,7.6999999999999895
110,10.099999999999982,7.9999999999999885,12.899999999999972,5.599999999999997,4.100000000000002,7.799999999999989
111,10.199999999999982,7.9999999999999885,12.899999999999972,5.599999999999997,4.200000000000002,7.799999999999989
112,10.59999999999998,8.099999999999989,12.899999999999972,5.599999999999997,4.300000000000002,7.899999999999989
113,10.69999999999998,8.099999999999989,12.999999999999972,5.599999999999997,4.300000000000002,8.099999999999989
114,10.999999999999979,8.199999999999989,12.999999999999972,5.599999999999997,4.400000000000001,8.199999999999989
115,10.999999999999979,8.299999999999988,13.29999999999997,5.699999999999997,4.400000000000001,8.299999999999988
116,11.099999999999978,8.299999999999988,13.39999999999997,5.699999999999997,4.400000000000001,8.499999999999988
117,11.399999999999977,8.399999999999988,13.39999999999997,5.699999999999997,4.500000000000001,8.599999999999987
118,11.499999999999977,8.399999999999988,13.39999999999997,5.699999999999997,4.7,8.599999999999987
119,11.599999999999977,8.399999999999988,13.39999999999997,5.699999999999997,4.8,8.599999999999987
120,11.699999999999976,8.599999999999987,13.49999999999997,5.699999999999997,4.8,8.599999999999987
121,12.099999999999975,8.699999999999987,13.49999999999997,5.699999999999997,4.8999999999999995,8.699999999999987
122,12.199999999999974,8.899999999999986,13.59999999999997,5.699999999999997,4.8999999999999995,8.699999999999987
123,12.199999999999974,8.999999999999986,13.899999999999968,5.799999999999996,4.8999999999999995,8.799999999999986
124,12.299999999999974,8.999999999999986,13.899999999999968,5.799999999999996,5.099999999999999,8.799999999999986
125,12.399999999999974,9.199999999999985,13.999999999999968,5.799999999999996,5.099999999999999,8.799999999999986
126,12.499999999999973,9.399999999999984,14.099999999999968,5.799999999999996,5.099999999999999,8.799999999999986
127,12.799999999999972,9.499999999999984,14.099999999999968,5.799999999999996,5.199999999999998,8.899999999999986
128,12.899999999999972,9.499999999999984,14.099999999999968,5.799999999999996,5.299999999999998,8.899999999999986
129,13.19999999999997,9.599999999999984,14.099999999999968,5.799999999999996,5.399999999999998,8.999999999999986
130,13.29999999999997,9.799999999999983,14.199999999999967,5.799999999999996,5.399999999999998,8.999999999999986
131,13.39999999999997,9.999999999999982,14.299999999999967,5.799999999999996,5.399999999999998,8.999999999999986
132,13.39999999999997,9.999999999999982,14.399999999999967,5.899999999999996,5.399999999999998,8.999999999999986
133,13.39999999999997,9.999999999999982,14.499999999999966,5.999999999999996,5.399999999999998,8.999999999999986
134,13.39999999999997,10.099999999999982,14.799999999999965,6.099999999999995,5.399999999999998,9.099999999999985
135,13.49999999999997,10.099999999999982,14.799999999999965,6.099999999999995,5.599999999999997,9.099999999999985
136,13.49999999999997,10.199999999999982,15.199999999999964,6.199999999999995,5.599999999999997,9.199999999999985
137,13.59999999999997,10.199999999999982,15.299999999999963,6.199999999999995,5.599999999999997,9.499999999999984
138,13.699999999999969,10.39999999999998,15.399999999999963,6.199999999999995,5.599999999999997,9.499999999999984
139,13.799999999999969,10.39999999999998,15.399999999999963,6.199999999999995,5.699999999999997,9.499999999999984
140,13.899999999999968,10.59999999999998,15.499999999999963,6.199999999999995,5.699999999999997,9.499999999999984
141,13.999999999999968,10.59999999999998,15.599999999999962,6.199999999999995,5.699999999999997,9.699999999999983
142,14.099999999999968,10.59999999999998,15.599999999999962,6.199999999999995,5.799999999999996,9.699999999999983
143,14.099999999999968,10.69999999999998,15.899999999999961,6.2999999999999945,5.799999999999996,9.799999999999983
144,14.099999999999968,10.69999999999998,15.999999999999961,6.399999999999994,5.799999999999996,9.799999999999983
145,14.099999999999968,10.79999999999998,16.299999999999965,6.499999999999994,5.799999999999996,9.899999999999983
146,14.099999999999968,10.79999999999998,16.399999999999967,6.599999999999993,5.799999999999996,9.899999999999983
147,14.499999999999966,10.899999999999979,16.399999999999967,6.599999999999993,5.899999999999996,9.999999999999982
148,14.799999999999965,10.999999999999979,16.399999999999967,6.599999999999993,5.999999999999996,10.099999999999982
149,15.199999999999964,11.099999999999978,16.399999999999967,6.599999999999993,6.099999999999995,10.199999999999982
150,15.299999999999963,11.399999999999977,16.499999999999968,6.599999999999993,6.099999999999995,10.199999999999982
151,15.399999999999963,11.399999999999977,16.59999999999997,6.599999999999993,6.099999999999995,10.39999999999998
152,15.499999999999963,11.399999999999977,16.69999999999997,6.599999999999993,6.099999999999995,10.59999999999998
153,15.499999999999963,11.399999999999977,16.799999999999972,6.799999999999993,6.099999999999995,10.59999999999998
154,15.599999999999962,11.399999999999977,16.799999999999972,6.799999999999993,6.199999999999995,10.59999999999998
155,15.699999999999962,11.399999999999977,16.899999999999974,6.799999999999993,6.199999999999995,10.79999999999998
156,15.699999999999962,11.499999999999977,17.29999999999998,6.899999999999992,6.199999999999995,10.899999999999979
157,15.799999999999962,11.499999999999977,17.29999999999998,6.899999999999992,6.2999999999999945,10.899999999999979
158,15.799999999999962,11.599999999999977,17.599999999999984,6.999999999999992,6.2999999999999945,10.999999999999979
159,15.799999999999962,11.699999999999976,17.99999999999999,7.099999999999992,6.2999999999999945,11.099999999999978
160,16.099999999999962,11.799999999999976,17.99999999999999,7.099999999999992,6.399999999999994,11.199999999999978
161,16.099999999999962,11.799999999999976,18.09999999999999,7.199999999999991,6.399999999999994,11.199999999999978
162,16.199999999999964,11.799999999999976,18.199999999999992,7.199999999999991,6.399999999999994,11.399999999999977
163,16.299999999999965,11.799999999999976,18.299999999999994,7.199999999999991,6.399999999999994,11.599999999999977
164,16.299999999999965,11.799999999999976,18.399999999999995,7.299999999999991,6.399999999999994,11.599999999999977
165,16.399999999999967,11.799999999999976,18.399999999999995,7.299999999999991,6.499999999999994,11.599999999999977
166,16.499999999999968,11.999999999999975,18.499999999999996,7.299999999999991,6.499999999999994,11.599999999999977
167,16.59999999999997,11.999999999999975,18.599999999999998,7.299999999999991,6.499999999999994,11.899999999999975
168,16.69999999999997,11.999999999999975,18.7,7.299999999999991,6.499999999999994,12.099999999999975
169,16.799999999999972,12.199999999999974,18.8,7.299999999999991,6.499999999999994,12.099999999999975
170,16.899999999999974,12.199999999999974,18.900000000000002,7.299999999999991,6.499999999999994,12.399999999999974
171,16.899999999999974,12.199999999999974,19.000000000000004,7.49999999999999,6.499999999999994,12.399999999999974
172,16.999999999999975,12.499999999999973,19.100000000000005,7.49999999999999,6.499999999999994,12.399999999999974
173,17.39999999999998,12.599999999999973,19.100000000000005,7.49999999999999,6.599999999999993,12.499999999999973
174,17.499999999999982,12.599999999999973,19.100000000000005,7.49999999999999,6.799999999999993,12.499999999999973
175,17.599999999999984,12.599999999999973,19.100000000000005,7.49999999999999,6.899999999999992,12.499999999999973
176,17.99999999999999,12.699999999999973,19.100000000000005,7.49999999999999,6.999999999999992,12.599999999999973
177,18.09999999999999,12.699999999999973,19.100000000000005,7.49999999999999,7.099999999999992,12.599999999999973
178,18.09999999999999,12.799999999999972,19.40000000000001,7.59999999999999,7.099999999999992,12.699999999999973
179,18.199999999999992,12.799999999999972,19.40000000000001,7.59999999999999,7.199999999999991,12.699999999999973
180,18.599999999999998,12.899999999999972,19.40000000000001,7.59999999999999,7.299999999999991,12.799999999999972
181,18.7,13.099999999999971,19.50000000000001,7.59999999999999,7.299999999999991,12.799999999999972
182,18.7,13.099999999999971,19.600000000000012,7.6999999999999895,7.299999999999991,12.799999999999972
183,18.8,13.29999999999997,19.700000000000014,7.6999999999999895,7.299999999999991,12.799999999999972
184,18.900000000000002,13.29999999999997,19.700000000000014,7.6999999999999895,7.399999999999991,12.799999999999972
185,19.000000000000004,13.29999999999997,19.800000000000015,7.6999999999999895,7.399999999999991,12.999999999999972
186,19.100000000000005,13.29999999999997,19.800000000000015,7.6999999999999895,7.59999999999999,12.999999999999972
187,19.200000000000006,13.29999999999997,19.800000000000015,7.6999999999999895,7.6999999999999895,12.999999999999972
188,19.50000000000001,13.39999999999997,19.800000000000015,7.6999999999999895,7.799999999999989,13.099999999999971
189,19.800000000000015,13.49999999999997,19.800000000000015,7.6999999999999895,7.899999999999989,13.19999999999997
190,19.900000000000016,13.699999999999969,19.900000000000016,7.6999999999999895,7.899999999999989,13.19999999999997
191,20.000000000000018,13.699999999999969,20.000000000000018,7.6999999999999895,7.899999999999989,13.39999999999997
192,20.000000000000018,13.699999999999969,20.10000000000002,7.799999999999989,7.899999999999989,13.39999999999997
193,20.10000000000002,13.899999999999968,20.20000000000002,7.799999999999989,7.899999999999989,13.39999999999997
194,20.10000000000002,13.999999999999968,20.600000000000026,7.899999999999989,7.899999999999989,13.49999999999997
195,20.20000000000002,13.999999999999968,20.600000000000026,7.899999999999989,7.9999999999999885,13.49999999999997
196,20.20000000000002,14.099999999999968,21.000000000000032,7.9999999999999885,7.9999999999999885,13.59999999999997
197,20.300000000000022,14.099999999999968,21.100000000000033,7.9999999999999885,7.9999999999999885,13.799999999999969
198,20.300000000000022,14.099999999999968,21.200000000000035,8.099999999999989,7.9999999999999885,13.799999999999969
199,20.400000000000023,14.099999999999968,21.300000000000036,8.099999999999989,7.9999999999999885,14.099999999999968
200,20.80000000000003,14.199999999999967,21.300000000000036,8.099999999999989,8.099999999999989,14.199999999999967
201,20.90000000000003,14.399999999999967,21.400000000000038,8.099999999999989,8.099999999999989,14.199999999999967
202,21.300000000000036,14.499999999999966,21.400000000000038,8.099999999999989,8.199999999999989,14.299999999999967
203,21.700000000000042,14.599999999999966,21.400000000000038,8.099999999999989,8.299999999999988,14.399999999999967
204,21.800000000000043,14.599999999999966,21.50000000000004,8.099999999999989,8.299999999999988,14.599999999999966
205,22.20000000000005,14.699999999999966,21.50000000000004,8.099999999999989,8.399999999999988,14.699999999999966
206,22.20000000000005,14.799999999999965,21.900000000000045,8.199999999999989,8.399999999999988,14.799999999999965
207,22.20000000000005,14.799999999999965,22.000000000000046,8.399999999999988,8.399999999999988,14.799999999999965
208,22.20000000000005,14.899999999999965,22.30000000000005,8.499999999999988,8.399999999999988,14.899999999999965
209,22.600000000000055,14.999999999999964,22.30000000000005,8.499999999999988,8.499999999999988,14.999999999999964
210,22.700000000000056,15.199999999999964,22.400000000000052,8.499999999999988,8.499999999999988,14.999999999999964
211,22.800000000000058,15.199999999999964,22.400000000000052,8.499999999999988,8.599999999999987,14.999999999999964
212,22.90000000000006,15.199999999999964,22.400000000000052,8.499999999999988,8.799999999999986,14.999999999999964
213,23.00000000000006,15.199999999999964,22.500000000000053,8.499999999999988,8.799999999999986,15.199999999999964
214,23.100000000000062,15.199999999999964,22.500000000000053,8.499999999999988,8.999999999999986,15.199999999999964
215,23.100000000000062,15.299999999999963,22.800000000000058,8.599999999999987,8.999999999999986,15.299999999999963
216,23.200000000000063,15.299999999999963,22.800000000000058,8.599999999999987,9.099999999999985,15.299999999999963
217,23.200000000000063,15.399999999999963,23.100000000000062,8.699999999999987,9.099999999999985,15.399999999999963
218,23.300000000000065,15.599999999999962,23.200000000000063,8.699999999999987,9.099999999999985,15.399999999999963
219,23.300000000000065,15.699999999999962,23.500000000000068,8.799999999999986,9.099999999999985,15.499999999999963
220,23.300000000000065,15.799999999999962,23.80000000000007,8.899999999999986,9.099999999999985,15.599999999999962
221,23.300000000000065,15.799999999999962,23.900000000000073,8.999999999999986,9.099999999999985,15.599999999999962
222,23.300000000000065,15.799999999999962,24.000000000000075,9.099999999999985,9.099999999999985,15.599999999999962
223,23.400000000000066,15.799999999999962,24.100000000000076,9.099999999999985,9.099999999999985,15.799999999999962
224,23.500000000000068,15.999999999999961,24.200000000000077,9.099999999999985,9.099999999999985,15.799999999999962
225,23.60000000000007,15.999999999999961,24.200000000000077,9.099999999999985,9.199999999999985,15.799999999999962
226,23.60000000000007,16.099999999999962,24.50000000000008,9.199999999999985,9.199999999999985,15.899999999999961
227,23.60000000000007,16.099999999999962,24.600000000000083,9.299999999999985,9.199999999999985,15.899999999999961
228,23.900000000000073,16.199999999999964,24.600000000000083,9.299999999999985,9.299999999999985,15.999999999999961
229,24.200000000000077,16.299999999999965,24.600000000000083,9.299999999999985,9.399999999999984,16.099999999999962
230,24.30000000000008,16.299999999999965,24.600000000000083,9.299999999999985,9.499999999999984,16.099999999999962
231,24.600000000000083,16.399999999999967,24.600000000000083,9.299999999999985,9.599999999999984,16.199999999999964
232,24.700000000000085,16.399999999999967,24.700000000000085,9.299999999999985,9.599999999999984,16.399999999999967
233,24.800000000000086,16.399999999999967,24.800000000000086,9.299999999999985,9.599999999999984,16.69999999999997
234,24.900000000000087,16.399999999999967,24.900000000000087,9.299999999999985,9.599999999999984,16.899999999999974
235,25.00000000000009,16.399999999999967,24.900000000000087,9.299999999999985,9.699999999999983,16.899999999999974
236,25.10000000000009,16.399999999999967,25.00000000000009,9.299999999999985,9.699999999999983,17.099999999999977
237,25.20000000000009,16.69999999999997,25.10000000000009,9.299999999999985,9.699999999999983,17.099999999999977
238,25.20000000000009,16.69999999999997,25.20000000000009,9.399999999999984,9.699999999999983,17.099999999999977
239,25.20000000000009,16.799999999999972,25.500000000000096,9.499999999999984,9.699999999999983,17.199999999999978
240,25.20000000000009,16.899999999999974,25.8000000000001,9.599999999999984,9.699999999999983,17.29999999999998
241,25.300000000000093,16.899999999999974,25.8000000000001,9.599999999999984,9.799999999999983,17.29999999999998
242,25.400000000000095,17.099999999999977,25.9000000000001,9.599999999999984,9.799999999999983,17.29999999999998
243,25.7000000000001,17.199999999999978,25.9000000000001,9.599999999999984,9.899999999999983,17.39999999999998
244,25.8000000000001,17.39999999999998,26.000000000000103,9.599999999999984,9.899999999999983,17.39999999999998
245,25.8000000000001,17.39999999999998,26.100000000000104,9.799999999999983,9.899999999999983,17.39999999999998
246,25.8000000000001,17.39999999999998,26.200000000000106,9.899999999999983,9.899999999999983,17.39999999999998
247,25.9000000000001,17.39999999999998,26.300000000000107,9.899999999999983,9.899999999999983,17.699999999999985
248,26.200000000000106,17.499999999999982,26.300000000000107,9.899999999999983,9.999999999999982,17.799999999999986
249,26.300000000000107,17.499999999999982,26.40000000000011,9.899999999999983,9.999999999999982,17.99999999999999
250,26.300000000000107,17.599999999999984,26.700000000000113,9.999999999999982,9.999999999999982,18.09999999999999
251,26.40000000000011,17.599999999999984,26.700000000000113,9.999999999999982,10.099999999999982,18.09999999999999
252,26.50000000000011,17.799999999999986,26.800000000000114,9.999999999999982,10.099999999999982,18.09999999999999
253,26.60000000000011,18.09999999999999,26.900000000000116,9.999999999999982,10.099999999999982,18.09999999999999
254,26.60000000000011,18.09999999999999,27.000000000000117,10.099999999999982,10.099999999999982,18.09999999999999
255,27.000000000000117,18.199999999999992,27.000000000000117,10.099999999999982,10.199999999999982,18.199999999999992
256,27.10000000000012,18.199999999999992,27.10000000000012,10.099999999999982,10.199999999999982,18.399999999999995
257,27.20000000000012,18.499999999999996,27.20000000000012,10.099999999999982,10.199999999999982,18.399999999999995
258,27.20000000000012,18.599999999999998,27.600000000000126,10.199999999999982,10.199999999999982,18.499999999999996
259,27.30000000000012,18.8,27.700000000000127,10.199999999999982,10.199999999999982,18.499999999999996
260,27.30000000000012,18.900000000000002,28.00000000000013,10.299999999999981,10.199999999999982,18.599999999999998
261,27.400000000000123,19.100000000000005,28.100000000000133,10.299999999999981,10.199999999999982,18.599999999999998
262,27.500000000000124,19.300000000000008,28.200000000000134,10.299999999999981,10.199999999999982,18.599999999999998
263,27.500000000000124,19.300000000000008,28.300000000000136,10.39999999999998,10.199999999999982,18.599999999999998
264,27.600000000000126,19.300000000000008,28.400000000000137,10.39999999999998,10.199999999999982,18.8
265,27.700000000000127,19.50000000000001,28.50000000000014,10.39999999999998,10.199999999999982,18.8
266,27.80000000000013,19.700000000000014,28.60000000000014,10.39999999999998,10.199999999999982,18.8
267,27.90000000000013,19.700000000000014,28.70000000000014,10.39999999999998,10.199999999999982,19.000000000000004
268,27.90000000000013,19.700000000000014,28.800000000000143,10.59999999999998,10.199999999999982,19.000000000000004
269,28.00000000000013,19.700000000000014,28.900000000000144,10.59999999999998,10.199999999999982,19.200000000000006
270,28.00000000000013,19.700000000000014,29.000000000000146,10.69999999999998,10.199999999999982,19.200000000000006
271,28.00000000000013,19.700000000000014,29.100000000000147,10.79999999999998,10.199999999999982,19.200000000000006
272,28.300000000000136,19.800000000000015,29.100000000000147,10.79999999999998,10.299999999999981,19.300000000000008
273,28.300000000000136,19.900000000000016,29.500000000000153,10.899999999999979,10.299999999999981,19.40000000000001
274,28.400000000000137,20.10000000000002,29.600000000000154,10.899999999999979,10.299999999999981,19.40000000000001
275,28.70000000000014,20.20000000000002,29.600000000000154,10.899999999999979,10.39999999999998,19.50000000000001
276,28.800000000000143,20.20000000000002,29.700000000000156,10.899999999999979,10.39999999999998,19.700000000000014
277,28.900000000000144,20.20000000000002,29.800000000000157,10.899999999999979,10.39999999999998,19.900000000000016
278,29.000000000000146,20.20000000000002,29.90000000000016,10.899999999999979,10.39999999999998,20.10000000000002
279,29.000000000000146,20.300000000000022,30.300000000000164,10.999999999999979,10.39999999999998,20.20000000000002
280,29.000000000000146,20.400000000000023,30.60000000000017,11.099999999999978,10.39999999999998,20.300000000000022
281,29.100000000000147,20.400000000000023,30.60000000000017,11.099999999999978,10.49999999999998,20.300000000000022
282,29.100000000000147,20.400000000000023,30.70000000000017,11.199999999999978,10.49999999999998,20.300000000000022
283,29.100000000000147,20.500000000000025,31.000000000000174,11.299999999999978,10.49999999999998,20.400000000000023
284,29.20000000000015,20.500000000000025,31.000000000000174,11.299999999999978,10.59999999999998,20.400000000000023
285,29.20000000000015,20.600000000000026,31.30000000000018,11.399999999999977,10.59999999999998,20.500000000000025
286,29.30000000000015,20.600000000000026,31.40000000000018,11.399999999999977,10.59999999999998,20.700000000000028
287,29.40000000000015,20.90000000000003,31.50000000000018,11.399999999999977,10.59999999999998,20.700000000000028
288,29.40000000000015,20.90000000000003,31.600000000000183,11.499999999999977,10.59999999999998,20.700000000000028
289,29.500000000000153,20.90000000000003,31.700000000000184,11.499999999999977,10.59999999999998,20.90000000000003
290,29.500000000000153,20.90000000000003,31.800000000000185,11.599999999999977,10.59999999999998,20.90000000000003
291,29.600000000000154,20.90000000000003,31.800000000000185,11.599999999999977,10.69999999999998,20.90000000000003
292,29.700000000000156,20.90000000000003,31.800000000000185,11.599999999999977,10.899999999999979,20.90000000000003
293,30.00000000000016,21.000000000000032,31.800000000000185,11.599999999999977,10.999999999999979,21.000000000000032
294,30.10000000000016,21.000000000000032,31.800000000000185,11.599999999999977,11.099999999999978,21.000000000000032
295,30.200000000000163,21.000000000000032,31.800000000000185,11.599999999999977,11.299999999999978,21.000000000000032
296,30.200000000000163,21.000000000000032,31.900000000000187,11.699999999999976,11.299999999999978,21.000000000000032
297,30.300000000000164,21.000000000000032,31.900000000000187,11.699999999999976,11.399999999999977,21.000000000000032
298,30.400000000000166,21.000000000000032,32.000000000000185,11.699999999999976,11.399999999999977,21.300000000000036
299,30.70000000000017,21.100000000000033,32.000000000000185,11.699999999999976,11.499999999999977,21.400000000000038
300,30.70000000000017,21.200000000000035,32.30000000000019,11.799999999999976,11.499999999999977,21.50000000000004
301,30.80000000000017,21.200000000000035,32.40000000000019,11.799999999999976,11.499999999999977,21.700000000000042
302,30.900000000000173,21.200000000000035,32.50000000000019,11.799999999999976,11.499999999999977,21.900000000000045
303,31.000000000000174,21.400000000000038,32.60000000000019,11.799999999999976,11.499999999999977,21.900000000000045
304,31.000000000000174,21.400000000000038,32.700000000000195,11.999999999999975,11.499999999999977,21.900000000000045
305,31.000000000000174,21.400000000000038,32.800000000000196,12.099999999999975,11.499999999999977,21.900000000000045
306,31.000000000000174,21.50000000000004,33.1000000000002,12.199999999999974,11.499999999999977,22.000000000000046
307,31.100000000000176,21.50000000000004,33.1000000000002,12.199999999999974,11.699999999999976,22.000000000000046
308,31.40000000000018,21.60000000000004,33.1000000000002,12.199999999999974,11.799999999999976,22.100000000000048
309,31.50000000000018,21.60000000000004,33.1000000000002,12.199999999999974,11.899999999999975,22.100000000000048
310,31.600000000000183,21.800000000000043,33.2000000000002,12.199999999999974,11.899999999999975,22.100000000000048
311,31.700000000000184,21.800000000000043,33.2000000000002,12.199999999999974,11.999999999999975,22.100000000000048
312,31.800000000000185,21.800000000000043,33.2000000000002,12.199999999999974,12.099999999999975,22.100000000000048
313,31.900000000000187,21.800000000000043,33.2000000000002,12.199999999999974,12.199999999999974,22.100000000000048
314,32.30000000000019,21.900000000000045,33.2000000000002,12.199999999999974,12.299999999999974,22.20000000000005
315,32.30000000000019,21.900000000000045,33.3000000000002,12.299999999999974,12.299999999999974,22.20000000000005
316,32.60000000000019,22.000000000000046,33.3000000000002,12.299999999999974,12.399999999999974,22.30000000000005
317,32.60000000000019,22.100000000000048,33.60000000000021,12.399999999999974,12.399999999999974,22.400000000000052
318,33.0000000000002,22.20000000000005,33.60000000000021,12.399999999999974,12.499999999999973,22.500000000000053
319,33.1000000000002,22.400000000000052,33.70000000000021,12.399999999999974,12.499999999999973,22.500000000000053
320,33.2000000000002,22.400000000000052,33.70000000000021,12.399999999999974,12.599999999999973,22.500000000000053
321,33.3000000000002,22.600000000000055,33.80000000000021,12.399999999999974,12.599999999999973,22.500000000000053
322,33.400000000000205,22.600000000000055,33.90000000000021,12.399999999999974,12.599999999999973,22.700000000000056
323,33.500000000000206,22.600000000000055,34.00000000000021,12.399999999999974,12.599999999999973,23.00000000000006
324,33.60000000000021,22.800000000000058,34.100000000000215,12.399999999999974,12.599999999999973,23.00000000000006
325,33.90000000000021,22.90000000000006,34.100000000000215,12.399999999999974,12.699999999999973,23.100000000000062
326,34.00000000000021,22.90000000000006,34.200000000000216,12.399999999999974,12.699999999999973,23.400000000000066
327,34.00000000000021,23.00000000000006,34.60000000000022,12.499999999999973,12.699999999999973,23.500000000000068
328,34.00000000000021,23.100000000000062,34.900000000000226,12.599999999999973,12.699999999999973,23.60000000000007
329,34.100000000000215,23.300000000000065,35.00000000000023,12.599999999999973,12.699999999999973,23.60000000000007
330,34.200000000000216,23.300000000000065,35.00000000000023,12.599999999999973,12.799999999999972,23.60000000000007
331,34.30000000000022,23.300000000000065,35.00000000000023,12.599999999999973,12.899999999999972,23.60000000000007
332,34.40000000000022,23.300000000000065,35.10000000000023,12.599999999999973,12.899999999999972,23.900000000000073
333,34.800000000000225,23.400000000000066,35.10000000000023,12.599999999999973,12.999999999999972,24.000000000000075
334,35.20000000000023,23.500000000000068,35.10000000000023,12.599999999999973,13.099999999999971,24.100000000000076
335,35.20000000000023,23.500000000000068,35.20000000000023,12.699999999999973,13.099999999999971,24.100000000000076
336,35.30000000000023,23.500000000000068,35.30000000000023,12.699999999999973,13.099999999999971,24.30000000000008
337,35.30000000000023,23.500000000000068,35.40000000000023,12.799999999999972,13.099999999999971,24.30000000000008
338,35.40000000000023,23.80000000000007,35.500000000000234,12.799999999999972,13.099999999999971,24.30000000000008
339,35.70000000000024,23.900000000000073,35.500000000000234,12.799999999999972,13.19999999999997,24.40000000000008
340,35.70000000000024,23.900000000000073,35.600000000000236,12.899999999999972,13.19999999999997,24.40000000000008
341,35.80000000000024,23.900000000000073,35.600000000000236,12.899999999999972,13.39999999999997,24.40000000000008
342,35.80000000000024,24.000000000000075,35.90000000000024,12.999999999999972,13.39999999999997,24.50000000000008
343,35.80000000000024,24.100000000000076,36.200000000000244,13.099999999999971,13.39999999999997,24.600000000000083
344,36.10000000000024,24.200000000000077,36.200000000000244,13.099999999999971,13.49999999999997,24.700000000000085
345,36.10000000000024,24.30000000000008,36.50000000000025,13.19999999999997,13.49999999999997,24.800000000000086
346,36.200000000000244,24.30000000000008,36.60000000000025,13.19999999999997,13.49999999999997,25.00000000000009
347,36.200000000000244,24.40000000000008,36.900000000000254,13.29999999999997,13.49999999999997,25.10000000000009
348,36.300000000000246,24.40000000000008,37.000000000000256,13.29999999999997,13.49999999999997,25.400000000000095
349,36.40000000000025,24.40000000000008,37.000000000000256,13.29999999999997,13.59999999999997,25.400000000000095
350,36.50000000000025,24.600000000000083,37.10000000000026,13.29999999999997,13.59999999999997,25.400000000000095
351,36.60000000000025,24.600000000000083,37.20000000000026,13.29999999999997,13.59999999999997,25.600000000000097
352,36.60000000000025,24.700000000000085,37.600000000000264,13.39999999999997,13.59999999999997,25.7000000000001
353,36.60000000000025,24.800000000000086,37.90000000000027,13.49999999999997,13.59999999999997,25.8000000000001
354,36.70000000000025,24.800000000000086,37.90000000000027,13.49999999999997,13.699999999999969,25.8000000000001
355,36.70000000000025,24.800000000000086,38.00000000000027,13.59999999999997,13.699999999999969,25.8000000000001
356,37.000000000000256,24.900000000000087,38.00000000000027,13.59999999999997,13.799999999999969,25.9000000000001
357,37.10000000000026,25.10000000000009,38.10000000000027,13.59999999999997,13.799999999999969,25.9000000000001
358,37.20000000000026,25.10000000000009,38.20000000000027,13.59999999999997,13.799999999999969,26.200000000000106
359,37.30000000000026,25.10000000000009,38.20000000000027,13.59999999999997,13.899999999999968,26.200000000000106
360,37.30000000000026,25.20000000000009,38.50000000000028,13.699999999999969,13.899999999999968,26.300000000000107
361,37.30000000000026,25.20000000000009,38.60000000000028,13.799999999999969,13.899999999999968,26.300000000000107
362,37.40000000000026,25.400000000000095,38.70000000000028,13.799999999999969,13.899999999999968,26.300000000000107
363,37.40000000000026,25.500000000000096,39.000000000000284,13.899999999999968,13.899999999999968,26.40000000000011
364,37.50000000000026,25.8000000000001,39.100000000000286,13.899999999999968,13.899999999999968,26.40000000000011
365,37.50000000000026,25.8000000000001,39.20000000000029,14.099999999999968,13.899999999999968,26.40000000000011
366,37.50000000000026,25.9000000000001,39.50000000000029,14.199999999999967,13.899999999999968,26.50000000000011
367,37.80000000000027,26.000000000000103,39.50000000000029,14.199999999999967,13.999999999999968,26.60000000000011
368,38.10000000000027,26.100000000000104,39.50000000000029,14.199999999999967,14.099999999999968,26.700000000000113
369,38.10000000000027,26.100000000000104,39.60000000000029,14.299999999999967,14.099999999999968,26.700000000000113
370,38.20000000000027,26.300000000000107,39.700000000000294,14.299999999999967,14.099999999999968,26.700000000000113
371,38.300000000000274,26.300000000000107,39.700000000000294,14.299999999999967,14.199999999999967,26.700000000000113
372,38.300000000000274,26.40000000000011,40.0000000000003,14.399999999999967,14.199999999999967,26.800000000000114
373,38.400000000000276,26.40000000000011,40.1000000000003,14.399999999999967,14.199999999999967,27.000000000000117
374,38.50000000000028,26.60000000000011,40.2000000000003,14.399999999999967,14.199999999999967,27.000000000000117
375,38.60000000000028,26.60000000000011,40.2000000000003,14.399999999999967,14.399999999999967,27.000000000000117
376,38.60000000000028,26.700000000000113,40.60000000000031,14.499999999999966,14.399999999999967,27.10000000000012
377,38.70000000000028,26.700000000000113,40.70000000000031,14.499999999999966,14.399999999999967,27.30000000000012
378,38.80000000000028,26.700000000000113,40.80000000000031,14.499999999999966,14.399999999999967,27.500000000000124
379,39.100000000000286,26.800000000000114,40.80000000000031,14.499999999999966,14.499999999999966,27.600000000000126
380,39.20000000000029,26.800000000000114,40.90000000000031,14.499999999999966,14.499999999999966,27.80000000000013
381,39.30000000000029,27.10000000000012,41.00000000000031,14.499999999999966,14.499999999999966,27.80000000000013
382,39.60000000000029,27.20000000000012,41.00000000000031,14.499999999999966,14.599999999999966,27.90000000000013
383,39.60000000000029,27.30000000000012,41.40000000000032,14.599999999999966,14.599999999999966,28.00000000000013
384,39.9000000000003,27.400000000000123,41.40000000000032,14.599999999999966,14.699999999999966,28.100000000000133
385,40.0000000000003,27.700000000000127,41.50000000000032,14.599999999999966,14.699999999999966,28.100000000000133
386,40.0000000000003,27.700000000000127,41.60000000000032,14.799999999999965,14.699999999999966,28.100000000000133
387,40.1000000000003,27.700000000000127,41.70000000000032,14.799999999999965,14.699999999999966,28.300000000000136
388,40.1000000000003,27.80000000000013,42.00000000000033,14.899999999999965,14.699999999999966,28.400000000000137
389,40.2000000000003,27.80000000000013,42.00000000000033,14.899999999999965,14.799999999999965,28.400000000000137
390,40.2000000000003,27.80000000000013,42.10000000000033,14.999999999999964,14.799999999999965,28.400000000000137
391,40.3000000000003,27.80000000000013,42.10000000000033,14.999999999999964,14.899999999999965,28.400000000000137
392,40.3000000000003,27.80000000000013,42.20000000000033,15.099999999999964,14.899999999999965,28.400000000000137
393,40.3000000000003,27.90000000000013,42.500000000000334,15.199999999999964,14.899999999999965,28.50000000000014
394,40.3000000000003,27.90000000000013,42.600000000000335,15.299999999999963,14.899999999999965,28.50000000000014
395,40.400000000000304,27.90000000000013,42.70000000000034,15.299999999999963,14.899999999999965,28.70000000000014
396,40.400000000000304,28.00000000000013,43.10000000000034,15.399999999999963,14.899999999999965,28.800000000000143
397,40.400000000000304,28.00000000000013,43.200000000000344,15.499999999999963,14.899999999999965,28.800000000000143
398,40.500000000000306,28.00000000000013,43.200000000000344,15.499999999999963,14.999999999999964,28.800000000000143
399,40.500000000000306,28.00000000000013,43.300000000000345,15.699999999999962,14.999999999999964,28.800000000000143
400,40.60000000000031,28.00000000000013,43.300000000000345,15.699999999999962,15.099999999999964,28.800000000000143
401,40.90000000000031,28.100000000000133,43.300000000000345,15.699999999999962,15.199999999999964,28.900000000000144
402,40.90000000000031,28.200000000000134,43.60000000000035,15.799999999999962,15.199999999999964,29.000000000000146
403,41.00000000000031,28.400000000000137,43.70000000000035,15.799999999999962,15.199999999999964,29.000000000000146
404,41.100000000000314,28.400000000000137,43.80000000000035,15.799999999999962,15.199999999999964,29.20000000000015
405,41.100000000000314,28.400000000000137,43.900000000000354,15.999999999999961,15.199999999999964,29.20000000000015
406,41.200000000000315,28.400000000000137,44.000000000000355,15.999999999999961,15.199999999999964,29.500000000000153
407,41.200000000000315,28.50000000000014,44.40000000000036,16.099999999999962,15.199999999999964,29.600000000000154
408,41.200000000000315,28.60000000000014,44.700000000000365,16.199999999999964,15.199999999999964,29.700000000000156
409,41.50000000000032,28.70000000000014,44.700000000000365,16.199999999999964,15.299999999999963,29.800000000000157
410,41.900000000000325,28.800000000000143,44.700000000000365,16.199999999999964,15.399999999999963,29.90000000000016
411,42.00000000000033,28.800000000000143,44.80000000000037,16.199999999999964,15.399999999999963,30.10000000000016
412,42.00000000000033,28.800000000000143,44.90000000000037,16.299999999999965,15.399999999999963,30.10000000000016
413,42.10000000000033,29.000000000000146,45.00000000000037,16.299999999999965,15.399999999999963,30.10000000000016
414,42.10000000000033,29.100000000000147,45.300000000000374,16.399999999999967,15.399999999999963,30.200000000000163
415,42.20000000000033,29.100000000000147,45.300000000000374,16.399999999999967,15.599999999999962,30.200000000000163
416,42.20000000000033,29.20000000000015,45.60000000000038,16.499999999999968,15.599999999999962,30.300000000000164
417,42.30000000000033,29.500000000000153,45.70000000000038,16.499999999999968,15.599999999999962,30.300000000000164
418,42.600000000000335,29.600000000000154,45.70000000000038,16.499999999999968,15.699999999999962,30.400000000000166
419,42.70000000000034,29.800000000000157,45.80000000000038,16.499999999999968,15.699999999999962,30.400000000000166
420,42.70000000000034,29.800000000000157,45.90000000000038,16.59999999999997,15.699999999999962,30.400000000000166
421,42.70000000000034,29.800000000000157,46.000000000000384,16.69999999999997,15.699999999999962,30.400000000000166
422,42.80000000000034,30.10000000000016,46.100000000000385,16.69999999999997,15.699999999999962,30.400000000000166
423,42.90000000000034,30.400000000000166,46.20000000000039,16.69999999999997,15.699999999999962,30.400000000000166
424,43.00000000000034,30.400000000000166,46.30000000000039,16.69999999999997,15.699999999999962,30.60000000000017
425,43.00000000000034,30.400000000000166,46.40000000000039,16.799999999999972,15.699999999999962,30.60000000000017
426,43.00000000000034,30.500000000000167,46.800000000000395,16.899999999999974,15.699999999999962,30.70000000000017
427,43.300000000000345,30.60000000000017,46.800000000000395,16.899999999999974,15.799999999999962,30.80000000000017
428,43.70000000000035,30.70000000000017,46.800000000000395,16.899999999999974,15.899999999999961,30.900000000000173
429,43.80000000000035,30.70000000000017,46.800000000000395,16.899999999999974,15.999999999999961,30.900000000000173
430,44.10000000000036,30.80000000000017,46.800000000000395,16.899999999999974,16.099999999999962,31.000000000000174
431,44.20000000000036,31.000000000000174,46.9000000000004,16.899999999999974,16.099999999999962,31.000000000000174
432,44.20000000000036,31.000000000000174,47.0000000000004,16.999999999999975,16.099999999999962,31.000000000000174
433,44.20000000000036,31.100000000000176,47.3000000000004,17.099999999999977,16.099999999999962,31.100000000000176
434,44.30000000000036,31.100000000000176,47.3000000000004,17.099999999999977,16.199999999999964,31.100000000000176
435,44.40000000000036,31.100000000000176,47.3000000000004,17.099999999999977,16.399999999999967,31.100000000000176
436,44.40000000000036,31.100000000000176,47.400000000000404,17.29999999999998,16.399999999999967,31.100000000000176
437,44.40000000000036,31.100000000000176,47.500000000000405,17.39999999999998,16.399999999999967,31.100000000000176
438,44.40000000000036,31.200000000000177,47.80000000000041,17.499999999999982,16.399999999999967,31.200000000000177
439,44.50000000000036,31.40000000000018,47.90000000000041,17.499999999999982,16.399999999999967,31.200000000000177
440,44.600000000000364,31.40000000000018,48.00000000000041,17.499999999999982,16.399999999999967,31.40000000000018
441,44.600000000000364,31.50000000000018,48.40000000000042,17.599999999999984,16.399999999999967,31.50000000000018
442,44.700000000000365,31.50000000000018,48.40000000000042,17.599999999999984,16.499999999999968,31.50000000000018
443,45.10000000000037,31.600000000000183,48.40000000000042,17.599999999999984,16.59999999999997,31.600000000000183
444,45.20000000000037,31.600000000000183,48.50000000000042,17.599999999999984,16.59999999999997,31.900000000000187
445,45.20000000000037,31.600000000000183,48.60000000000042,17.799999999999986,16.59999999999997,31.900000000000187
446,45.50000000000038,31.700000000000184,48.60000000000042,17.799999999999986,16.69999999999997,32.000000000000185
447,45.50000000000038,31.800000000000185,48.900000000000425,17.899999999999988,16.69999999999997,32.100000000000186
448,45.50000000000038,31.800000000000185,49.000000000000426,17.99999999999999,16.69999999999997,32.100000000000186
449,45.90000000000038,31.900000000000187,49.000000000000426,17.99999999999999,16.799999999999972,32.20000000000019
450,46.000000000000384,31.900000000000187,49.10000000000043,17.99999999999999,16.799999999999972,32.40000000000019
451,46.000000000000384,31.900000000000187,49.20000000000043,18.09999999999999,16.799999999999972,32.40000000000019
452,46.100000000000385,32.100000000000186,49.30000000000043,18.09999999999999,16.799999999999972,32.40000000000019
453,46.20000000000039,32.100000000000186,49.40000000000043,18.09999999999999,16.799999999999972,32.60000000000019
454,46.50000000000039,32.20000000000019,49.40000000000043,18.09999999999999,16.899999999999974,32.700000000000195
455,46.50000000000039,32.20000000000019,49.50000000000043,18.199999999999992,16.899999999999974,32.700000000000195
456,46.60000000000039,32.20000000000019,49.50000000000043,18.199999999999992,17.099999999999977,32.700000000000195
457,46.9000000000004,32.30000000000019,49.50000000000043,18.199999999999992,17.199999999999978,32.800000000000196
458,47.0000000000004,32.50000000000019,49.600000000000435,18.199999999999992,17.199999999999978,32.800000000000196
459,47.0000000000004,32.60000000000019,49.90000000000044,18.299999999999994,17.199999999999978,32.9000000000002
460,47.0000000000004,32.700000000000195,50.300000000000445,18.399999999999995,17.199999999999978,33.0000000000002
461,47.0000000000004,32.700000000000195,50.400000000000446,18.499999999999996,17.199999999999978,33.0000000000002
462,47.0000000000004,32.800000000000196,50.80000000000045,18.599999999999998,17.199999999999978,33.1000000000002
463,47.0000000000004,32.800000000000196,50.90000000000045,18.7,17.199999999999978,33.1000000000002
464,47.0000000000004,32.9000000000002,51.20000000000046,18.8,17.199999999999978,33.2000000000002
465,47.1000000000004,33.1000000000002,51.30000000000046,18.8,17.199999999999978,33.2000000000002
466,47.2000000000004,33.3000000000002,51.40000000000046,18.8,17.199999999999978,33.2000000000002
467,47.3000000000004,33.500000000000206,51.50000000000046,18.8,17.199999999999978,33.2000000000002
468,47.600000000000406,33.60000000000021,51.50000000000046,18.8,17.29999999999998,33.3000000000002
469,47.600000000000406,33.60000000000021,51.60000000000046,18.900000000000002,17.29999999999998,33.3000000000002
470,47.600000000000406,33.60000000000021,51.700000000000465,19.000000000000004,17.29999999999998,33.3000000000002
471,47.600000000000406,33.70000000000021,52.10000000000047,19.100000000000005,17.29999999999998,33.400000000000205
472,47.70000000000041,33.70000000000021,52.20000000000047,19.100000000000005,17.29999999999998,33.60000000000021
473,47.80000000000041,33.70000000000021,52.30000000000047,19.100000000000005,17.29999999999998,33.80000000000021
474,48.200000000000415,33.80000000000021,52.30000000000047,19.100000000000005,17.39999999999998,33.90000000000021
475,48.200000000000415,33.90000000000021,52.60000000000048,19.200000000000006,17.39999999999998,34.00000000000021
476,48.300000000000416,34.100000000000215,52.70000000000048,19.200000000000006,17.39999999999998,34.00000000000021
477,48.300000000000416,34.200000000000216,53.00000000000048,19.300000000000008,17.39999999999998,34.100000000000215
478,48.300000000000416,34.30000000000022,53.40000000000049,19.40000000000001,17.39999999999998,34.200000000000216
479,48.40000000000042,34.30000000000022,53.50000000000049,19.40000000000001,17.39999999999998,34.40000000000022
480,48.40000000000042,34.40000000000022,53.900000000000496,19.50000000000001,17.39999999999998,34.50000000000022
481,48.50000000000042,34.40000000000022,53.900000000000496,19.50000000000001,17.499999999999982,34.50000000000022
482,48.50000000000042,34.40000000000022,54.0000000000005,19.600000000000012,17.499999999999982,34.50000000000022
483,48.60000000000042,34.40000000000022,54.0000000000005,19.600000000000012,17.599999999999984,34.50000000000022
484,48.70000000000042,34.60000000000022,54.1000000000005,19.600000000000012,17.599999999999984,34.50000000000022
485,48.70000000000042,34.60000000000022,54.2000000000005,19.700000000000014,17.599999999999984,34.50000000000022
486,48.70000000000042,34.70000000000022,54.500000000000504,19.800000000000015,17.599999999999984,34.60000000000022
487,48.70000000000042,34.800000000000225,54.80000000000051,19.900000000000016,17.599999999999984,34.70000000000022
488,49.000000000000426,34.900000000000226,54.80000000000051,19.900000000000016,17.699999999999985,34.800000000000225
489,49.10000000000043,34.900000000000226,54.80000000000051,19.900000000000016,17.899999999999988,34.800000000000225
490,49.40000000000043,35.00000000000023,54.80000000000051,19.900000000000016,17.99999999999999,34.900000000000226
491,49.50000000000043,35.20000000000023,54.90000000000051,19.900000000000016,17.99999999999999,34.900000000000226
492,49.600000000000435,35.20000000000023,54.90000000000051,19.900000000000016,18.09999999999999,34.900000000000226
493,49.700000000000436,35.20000000000023,55.00000000000051,19.900000000000016,18.09999999999999,35.10000000000023
494,49.80000000000044,35.20000000000023,55.00000000000051,19.900000000000016,18.199999999999992,35.10000000000023
495,49.80000000000044,35.20000000000023,55.10000000000051,20.000000000000018,18.199999999999992,35.10000000000023
496,49.90000000000044,35.40000000000023,55.200000000000514,20.000000000000018,18.199999999999992,35.10000000000023
497,50.00000000000044,35.40000000000023,55.300000000000516,20.000000000000018,18.199999999999992,35.30000000000023
498,50.00000000000044,35.500000000000234,55.70000000000052,20.10000000000002,18.199999999999992,35.40000000000023
499,50.10000000000044,35.500000000000234,55.70000000000052,20.10000000000002,18.299999999999994,35.40000000000023
500,50.20000000000044,35.80000000000024,55.80000000000052,20.10000000000002,18.299999999999994,35.40000000000023
501,50.50000000000045,35.90000000000024,55.80000000000052,20.10000000000002,18.399999999999995,35.500000000000234
502,50.60000000000045,35.90000000000024,55.80000000000052,20.10000000000002,18.599999999999998,35.500000000000234
503,50.70000000000045,35.90000000000024,55.900000000000524,20.10000000000002,18.599999999999998,35.70000000000024
504,50.80000000000045,35.90000000000024,56.000000000000526,20.10000000000002,18.599999999999998,35.90000000000024
505,50.90000000000045,36.10000000000024,56.10000000000053,20.10000000000002,18.599999999999998,35.90000000000024
506,51.000000000000455,36.300000000000246,56.20000000000053,20.10000000000002,18.599999999999998,35.90000000000024
507,51.30000000000046,36.40000000000025,56.20000000000053,20.10000000000002,18.7,36.00000000000024
508,51.40000000000046,36.60000000000025,56.30000000000053,20.10000000000002,18.7,36.00000000000024
509,51.700000000000465,36.70000000000025,56.30000000000053,20.10000000000002,18.8,36.10000000000024
510,51.800000000000466,36.70000000000025,56.40000000000053,20.10000000000002,18.8,36.40000000000025
511,51.90000000000047,36.70000000000025,56.40000000000053,20.10000000000002,18.900000000000002,36.40000000000025
512,52.00000000000047,36.70000000000025,56.50000000000053,20.10000000000002,18.900000000000002,36.60000000000025
513,52.30000000000047,36.80000000000025,56.50000000000053,20.10000000000002,19.000000000000004,36.70000000000025
514,52.30000000000047,36.80000000000025,56.600000000000534,20.20000000000002,19.000000000000004,36.70000000000025
515,52.400000000000475,36.80000000000025,56.600000000000534,20.20000000000002,19.100000000000005,36.70000000000025
516,52.500000000000476,37.000000000000256,56.700000000000536,20.20000000000002,19.100000000000005,36.70000000000025
517,52.80000000000048,37.10000000000026,56.700000000000536,20.20000000000002,19.200000000000006,36.80000000000025
518,53.100000000000485,37.20000000000026,56.700000000000536,20.20000000000002,19.300000000000008,36.900000000000254
519,53.200000000000486,37.20000000000026,56.700000000000536,20.20000000000002,19.40000000000001,36.900000000000254
520,53.30000000000049,37.20000000000026,56.80000000000054,20.20000000000002,19.40000000000001,37.20000000000026
521,53.40000000000049,37.40000000000026,56.90000000000054,20.20000000000002,19.40000000000001,37.20000000000026
522,53.50000000000049,37.40000000000026,56.90000000000054,20.20000000000002,19.50000000000001,37.20000000000026
523,53.60000000000049,37.40000000000026,57.00000000000054,20.20000000000002,19.50000000000001,37.40000000000026
524,54.0000000000005,37.50000000000026,57.00000000000054,20.20000000000002,19.600000000000012,37.50000000000026
525,54.3000000000005,37.600000000000264,57.00000000000054,20.20000000000002,19.700000000000014,37.600000000000264
526,54.4000000000005,37.600000000000264,57.00000000000054,20.20000000000002,19.900000000000016,37.600000000000264
527,54.4000000000005,37.700000000000266,57.300000000000544,20.300000000000022,19.900000000000016,37.700000000000266
528,54.500000000000504,37.90000000000027,57.400000000000546,20.300000000000022,19.900000000000016,37.700000000000266
529,54.80000000000051,38.00000000000027,57.400000000000546,20.300000000000022,20.000000000000018,37.80000000000027
530,54.90000000000051,38.20000000000027,57.50000000000055,20.300000000000022,20.000000000000018,37.80000000000027
531,54.90000000000051,38.20000000000027,57.60000000000055,20.400000000000023,20.000000000000018,37.80000000000027
532,54.90000000000051,38.20000000000027,57.70000000000055,20.500000000000025,20.000000000000018,37.80000000000027
533,55.00000000000051,38.400000000000276,57.80000000000055,20.500000000000025,20.000000000000018,37.80000000000027
534,55.00000000000051,38.400000000000276,57.90000000000055,20.600000000000026,20.000000000000018,37.80000000000027
535,55.10000000000051,38.400000000000276,58.000000000000554,20.600000000000026,20.000000000000018,38.00000000000027
536,55.50000000000052,38.50000000000028,58.000000000000554,20.600000000000026,20.10000000000002,38.10000000000027
537,55.60000000000052,38.50000000000028,58.100000000000556,20.600000000000026,20.10000000000002,38.300000000000274
538,55.60000000000052,38.60000000000028,58.40000000000056,20.700000000000028,20.10000000000002,38.400000000000276
539,55.900000000000524,38.70000000000028,58.40000000000056,20.700000000000028,20.20000000000002,38.50000000000028
540,55.900000000000524,38.80000000000028,58.800000000000566,20.80000000000003,20.20000000000002,38.60000000000028
541,56.000000000000526,38.80000000000028,58.800000000000566,20.80000000000003,20.300000000000022,38.60000000000028
542,56.000000000000526,38.80000000000028,58.90000000000057,21.000000000000032,20.300000000000022,38.60000000000028
543,56.30000000000053,38.90000000000028,58.90000000000057,21.000000000000032,20.400000000000023,38.70000000000028
544,56.40000000000053,38.90000000000028,58.90000000000057,21.000000000000032,20.600000000000026,38.70000000000028
545,56.50000000000053,38.90000000000028,59.00000000000057,21.000000000000032,20.600000000000026,38.90000000000028
546,56.50000000000053,38.90000000000028,59.10000000000057,21.100000000000033,20.600000000000026,38.90000000000028
547,56.50000000000053,38.90000000000028,59.20000000000057,21.200000000000035,20.600000000000026,38.90000000000028
548,56.600000000000534,39.100000000000286,59.30000000000057,21.200000000000035,20.600000000000026,38.90000000000028
549,56.90000000000054,39.20000000000029,59.30000000000057,21.200000000000035,20.700000000000028,39.000000000000284
550,57.00000000000054,39.40000000000029,59.400000000000574,21.200000000000035,20.700000000000028,39.000000000000284
551,57.400000000000546,39.50000000000029,59.400000000000574,21.200000000000035,20.80000000000003,39.100000000000286
552,57.400000000000546,39.50000000000029,59.500000000000576,21.300000000000036,20.80000000000003,39.100000000000286
553,57.50000000000055,39.50000000000029,59.60000000000058,21.300000000000036,20.80000000000003,39.30000000000029
554,57.90000000000055,39.60000000000029,59.60000000000058,21.300000000000036,20.90000000000003,39.40000000000029
555,57.90000000000055,39.60000000000029,59.70000000000058,21.400000000000038,20.90000000000003,39.40000000000029
556,57.90000000000055,39.60000000000029,59.80000000000058,21.60000000000004,20.90000000000003,39.40000000000029
557,58.20000000000056,39.700000000000294,59.80000000000058,21.60000000000004,21.000000000000032,39.50000000000029
558,58.30000000000056,39.700000000000294,59.90000000000058,21.60000000000004,21.000000000000032,39.700000000000294
559,58.40000000000056,39.9000000000003,60.00000000000058,21.60000000000004,21.000000000000032,39.700000000000294
560,58.50000000000056,39.9000000000003,60.00000000000058,21.60000000000004,21.200000000000035,39.700000000000294
561,58.50000000000056,39.9000000000003,60.100000000000584,21.800000000000043,21.200000000000035,39.700000000000294
562,58.50000000000056,40.0000000000003,60.40000000000059,21.900000000000045,21.200000000000035,39.800000000000296
563,58.60000000000056,40.0000000000003,60.50000000000059,21.900000000000045,21.200000000000035,40.1000000000003
564,58.700000000000564,40.0000000000003,60.50000000000059,21.900000000000045,21.300000000000036,40.1000000000003
565,58.800000000000566,40.2000000000003,60.60000000000059,21.900000000000045,21.300000000000036,40.1000000000003
566,59.10000000000057,40.3000000000003,60.60000000000059,21.900000000000045,21.400000000000038,40.2000000000003
567,59.10000000000057,40.400000000000304,60.900000000000595,22.000000000000046,21.400000000000038,40.3000000000003
568,59.20000000000057,40.400000000000304,61.0000000000006,22.000000000000046,21.400000000000038,40.500000000000306
569,59.20000000000057,40.500000000000306,61.3000000000006,22.100000000000048,21.400000000000038,40.60000000000031
570,59.20000000000057,40.500000000000306,61.4000000000006,22.30000000000005,21.400000000000038,40.60000000000031
571,59.20000000000057,40.500000000000306,61.500000000000604,22.400000000000052,21.400000000000038,40.60000000000031
572,59.30000000000057,40.70000000000031,61.600000000000605,22.400000000000052,21.400000000000038,40.60000000000031
573,59.400000000000574,40.70000000000031,61.70000000000061,22.400000000000052,21.400000000000038,40.80000000000031
574,59.70000000000058,40.80000000000031,61.70000000000061,22.400000000000052,21.50000000000004,40.90000000000031
575,59.80000000000058,40.80000000000031,61.70000000000061,22.400000000000052,21.60000000000004,40.90000000000031
576,60.100000000000584,40.90000000000031,61.70000000000061,22.400000000000052,21.700000000000042,41.00000000000031
577,60.100000000000584,41.00000000000031,62.10000000000061,22.500000000000053,21.700000000000042,41.100000000000314
578,60.40000000000059,41.100000000000314,62.10000000000061,22.500000000000053,21.800000000000043,41.200000000000315
579,60.50000000000059,41.100000000000314,62.10000000000061,22.500000000000053,21.900000000000045,41.200000000000315
580,60.60000000000059,41.100000000000314,62.10000000000061,22.500000000000053,22.000000000000046,41.200000000000315
581,61.0000000000006,41.200000000000315,62.10000000000061,22.500000000000053,22.100000000000048,41.30000000000032
582,61.1000000000006,41.40000000000032,62.200000000000614,22.500000000000053,22.100000000000048,41.30000000000032
583,61.4000000000006,41.50000000000032,62.200000000000614,22.500000000000053,22.20000000000005,41.40000000000032
584,61.500000000000604,41.50000000000032,62.200000000000614,22.500000000000053,22.30000000000005,41.40000000000032
585,61.80000000000061,41.60000000000032,62.200000000000614,22.500000000000053,22.400000000000052,41.50000000000032
586,61.80000000000061,41.70000000000032,62.50000000000062,22.600000000000055,22.400000000000052,41.60000000000032
587,62.10000000000061,41.800000000000324,62.50000000000062,22.600000000000055,22.500000000000053,41.70000000000032
588,62.200000000000614,41.800000000000324,62.60000000000062,22.600000000000055,22.500000000000053,41.900000000000325
589,62.300000000000615,42.00000000000033,62.70000000000062,22.600000000000055,22.500000000000053,41.900000000000325
590,62.300000000000615,42.00000000000033,62.80000000000062,22.700000000000056,22.500000000000053,41.900000000000325
591,62.40000000000062,42.00000000000033,62.80000000000062,22.700000000000056,22.600000000000055,41.900000000000325
592,62.40000000000062,42.10000000000033,63.10000000000063,22.800000000000058,22.600000000000055,42.00000000000033
593,62.50000000000062,42.10000000000033,63.20000000000063,22.800000000000058,22.600000000000055,42.20000000000033
594,62.60000000000062,42.10000000000033,63.30000000000063,22.800000000000058,22.600000000000055,42.40000000000033
595,62.70000000000062,42.10000000000033,63.30000000000063,22.800000000000058,22.800000000000058,42.40000000000033
596,62.80000000000062,42.10000000000033,63.30000000000063,22.800000000000058,22.90000000000006,42.40000000000033
597,62.900000000000624,42.30000000000033,63.40000000000063,22.800000000000058,22.90000000000006,42.40000000000033
598,63.000000000000625,42.30000000000033,63.40000000000063,22.800000000000058,23.100000000000062,42.40000000000033
