Line,"{'+definite', '+atomic'} - definite - a_2","{'+definite', '-atomic'} - definite - e_1","{'+definite', '-atomic'} - definite - i_1","{'+atomic', '-definite'} - definite - a_2","{'+definite', '+atomic'} - definite - o_1","{'+atomic', '-definite'} - definite - o_1"
0,,,,,,
1,,,,,,
2,1,1,,,,
3,1.1,1.2000000000000002,,,,
4,1.2000000000000002,1.2000000000000002,1,,,
5,1.4000000000000004,1.3000000000000003,1.1,,,
6,1.5000000000000004,1.3000000000000003,1.1,1.1,,
7,1.9000000000000008,1.4000000000000004,1.2000000000000002,1.2000000000000002,,
8,2.000000000000001,1.4000000000000004,1.2000000000000002,1.3000000000000003,,
9,2.100000000000001,1.4000000000000004,1.2000000000000002,1.5000000000000004,,
10,2.100000000000001,1.5000000000000004,1.3000000000000003,1.5000000000000004,1.2000000000000002,
11,2.100000000000001,1.5000000000000004,1.3000000000000003,1.5000000000000004,1.3000000000000003,1
12,2.100000000000001,1.6000000000000005,1.4000000000000004,1.5000000000000004,1.6000000000000005,1.1
13,2.200000000000001,1.6000000000000005,1.6000000000000005,1.5000000000000004,1.7000000000000006,1.1
14,2.200000000000001,1.7000000000000006,1.7000000000000006,1.5000000000000004,2.000000000000001,1.2000000000000002
15,2.200000000000001,1.8000000000000007,1.8000000000000007,1.5000000000000004,2.300000000000001,1.3000000000000003
16,2.5000000000000013,1.9000000000000008,1.9000000000000008,1.6000000000000005,2.300000000000001,1.3000000000000003
17,2.6000000000000014,1.9000000000000008,2.200000000000001,1.6000000000000005,2.4000000000000012,1.3000000000000003
18,2.9000000000000017,2.000000000000001,2.300000000000001,1.7000000000000006,2.4000000000000012,1.3000000000000003
19,3.0000000000000018,2.000000000000001,2.300000000000001,1.8000000000000007,2.4000000000000012,1.3000000000000003
20,3.0000000000000018,2.000000000000001,2.300000000000001,1.8000000000000007,2.5000000000000013,1.4000000000000004
21,3.0000000000000018,2.100000000000001,2.4000000000000012,1.8000000000000007,2.8000000000000016,1.5000000000000004
22,3.100000000000002,2.100000000000001,2.4000000000000012,1.9000000000000008,2.8000000000000016,1.5000000000000004
23,3.200000000000002,2.100000000000001,2.7000000000000015,1.9000000000000008,2.9000000000000017,1.5000000000000004
24,3.300000000000002,2.100000000000001,2.7000000000000015,2.000000000000001,2.9000000000000017,1.5000000000000004
25,3.400000000000002,2.100000000000001,3.0000000000000018,2.000000000000001,3.0000000000000018,1.5000000000000004
26,3.400000000000002,2.100000000000001,3.0000000000000018,2.000000000000001,3.100000000000002,1.6000000000000005
27,3.400000000000002,2.200000000000001,3.100000000000002,2.000000000000001,3.400000000000002,1.7000000000000006
28,3.400000000000002,2.300000000000001,3.200000000000002,2.000000000000001,3.7000000000000024,1.8000000000000007
29,3.500000000000002,2.300000000000001,3.400000000000002,2.000000000000001,3.8000000000000025,1.8000000000000007
30,3.8000000000000025,2.4000000000000012,3.500000000000002,2.100000000000001,3.8000000000000025,1.8000000000000007
31,3.9000000000000026,2.6000000000000014,3.500000000000002,2.100000000000001,3.9000000000000026,1.8000000000000007
32,4.000000000000003,2.6000000000000014,3.500000000000002,2.200000000000001,3.9000000000000026,1.8000000000000007
33,4.300000000000002,2.7000000000000015,3.6000000000000023,2.300000000000001,3.9000000000000026,1.8000000000000007
34,4.6000000000000005,2.8000000000000016,3.7000000000000024,2.4000000000000012,3.9000000000000026,1.8000000000000007
35,4.7,2.8000000000000016,3.9000000000000026,2.4000000000000012,4.000000000000003,1.8000000000000007
36,4.8,2.8000000000000016,4.100000000000002,2.4000000000000012,4.100000000000002,1.8000000000000007
37,5.199999999999998,2.9000000000000017,4.200000000000002,2.5000000000000013,4.100000000000002,1.8000000000000007
38,5.199999999999998,2.9000000000000017,4.200000000000002,2.5000000000000013,4.200000000000002,1.9000000000000008
39,5.299999999999998,2.9000000000000017,4.200000000000002,2.6000000000000014,4.200000000000002,1.9000000000000008
40,5.399999999999998,3.100000000000002,4.200000000000002,2.6000000000000014,4.300000000000002,1.9000000000000008
41,5.699999999999997,3.200000000000002,4.300000000000002,2.7000000000000015,4.300000000000002,1.9000000000000008
42,5.799999999999996,3.200000000000002,4.300000000000002,2.9000000000000017,4.300000000000002,1.9000000000000008
43,5.799999999999996,3.300000000000002,4.400000000000001,2.9000000000000017,4.7,2.000000000000001
44,5.899999999999996,3.500000000000002,4.400000000000001,2.9000000000000017,4.8,2.000000000000001
45,5.999999999999996,3.7000000000000024,4.400000000000001,2.9000000000000017,4.8999999999999995,2.000000000000001
46,6.099999999999995,3.9000000000000026,4.400000000000001,2.9000000000000017,4.999999999999999,2.000000000000001
47,6.199999999999995,3.9000000000000026,4.400000000000001,3.0000000000000018,4.999999999999999,2.000000000000001
48,6.2999999999999945,3.9000000000000026,4.400000000000001,3.100000000000002,4.999999999999999,2.000000000000001
49,6.399999999999994,4.100000000000002,4.400000000000001,3.100000000000002,5.099999999999999,2.000000000000001
50,6.399999999999994,4.200000000000002,4.500000000000001,3.100000000000002,5.399999999999998,2.100000000000001
51,6.399999999999994,4.200000000000002,4.500000000000001,3.100000000000002,5.499999999999997,2.200000000000001
52,6.499999999999994,4.400000000000001,4.500000000000001,3.100000000000002,5.599999999999997,2.200000000000001
53,6.899999999999992,4.500000000000001,4.6000000000000005,3.200000000000002,5.599999999999997,2.200000000000001
54,6.999999999999992,4.500000000000001,4.6000000000000005,3.400000000000002,5.599999999999997,2.200000000000001
55,6.999999999999992,4.500000000000001,4.6000000000000005,3.400000000000002,5.699999999999997,2.300000000000001
56,7.299999999999991,4.6000000000000005,4.7,3.500000000000002,5.699999999999997,2.300000000000001
57,7.299999999999991,4.7,4.8,3.500000000000002,5.999999999999996,2.4000000000000012
58,7.399999999999991,4.7,4.999999999999999,3.500000000000002,6.099999999999995,2.4000000000000012
59,7.49999999999999,4.7,5.199999999999998,3.500000000000002,6.199999999999995,2.4000000000000012
60,7.59999999999999,4.8999999999999995,5.199999999999998,3.500000000000002,6.2999999999999945,2.4000000000000012
61,7.9999999999999885,4.999999999999999,5.299999999999998,3.6000000000000023,6.2999999999999945,2.4000000000000012
62,8.399999999999988,5.099999999999999,5.399999999999998,3.7000000000000024,6.2999999999999945,2.4000000000000012
63,8.699999999999987,5.199999999999998,5.499999999999997,3.8000000000000025,6.2999999999999945,2.4000000000000012
64,8.699999999999987,5.199999999999998,5.499999999999997,3.8000000000000025,6.399999999999994,2.5000000000000013
65,8.799999999999986,5.199999999999998,5.699999999999997,3.8000000000000025,6.499999999999994,2.5000000000000013
66,8.899999999999986,5.199999999999998,5.899999999999996,3.8000000000000025,6.599999999999993,2.5000000000000013
67,8.999999999999986,5.199999999999998,5.899999999999996,4.000000000000003,6.599999999999993,2.5000000000000013
68,9.299999999999985,5.299999999999998,5.999999999999996,4.100000000000002,6.599999999999993,2.5000000000000013
69,9.699999999999983,5.399999999999998,6.099999999999995,4.200000000000002,6.599999999999993,2.5000000000000013
70,9.799999999999983,5.399999999999998,6.399999999999994,4.200000000000002,6.699999999999993,2.5000000000000013
71,9.899999999999983,5.399999999999998,6.599999999999993,4.200000000000002,6.799999999999993,2.5000000000000013
72,9.899999999999983,5.399999999999998,6.599999999999993,4.200000000000002,6.899999999999992,2.6000000000000014
73,9.899999999999983,5.499999999999997,6.699999999999993,4.200000000000002,7.199999999999991,2.7000000000000015
74,9.999999999999982,5.499999999999997,6.699999999999993,4.300000000000002,7.199999999999991,2.7000000000000015
75,9.999999999999982,5.599999999999997,6.799999999999993,4.300000000000002,7.59999999999999,2.8000000000000016
76,9.999999999999982,5.699999999999997,6.899999999999992,4.300000000000002,7.899999999999989,2.9000000000000017
77,10.099999999999982,5.899999999999996,6.899999999999992,4.300000000000002,7.9999999999999885,2.9000000000000017
78,10.099999999999982,5.899999999999996,6.899999999999992,4.300000000000002,8.099999999999989,3.0000000000000018
79,10.099999999999982,5.899999999999996,6.899999999999992,4.300000000000002,8.199999999999989,3.200000000000002
80,10.199999999999982,5.899999999999996,7.199999999999991,4.300000000000002,8.299999999999988,3.200000000000002
81,10.299999999999981,6.099999999999995,7.199999999999991,4.300000000000002,8.399999999999988,3.200000000000002
82,10.39999999999998,6.099999999999995,7.199999999999991,4.500000000000001,8.399999999999988,3.200000000000002
83,10.49999999999998,6.099999999999995,7.199999999999991,4.7,8.399999999999988,3.200000000000002
84,10.79999999999998,6.199999999999995,7.299999999999991,4.8,8.399999999999988,3.200000000000002
85,10.79999999999998,6.2999999999999945,7.399999999999991,4.8,8.799999999999986,3.300000000000002
86,10.899999999999979,6.2999999999999945,7.59999999999999,4.8,8.899999999999986,3.300000000000002
87,10.999999999999979,6.499999999999994,7.59999999999999,4.8,8.999999999999986,3.300000000000002
88,11.099999999999978,6.499999999999994,7.799999999999989,4.8,9.099999999999985,3.300000000000002
89,11.199999999999978,6.499999999999994,7.9999999999999885,4.8,9.199999999999985,3.300000000000002
90,11.299999999999978,6.499999999999994,8.199999999999989,4.8,9.299999999999985,3.300000000000002
91,11.299999999999978,6.599999999999993,8.299999999999988,4.8,9.599999999999984,3.400000000000002
92,11.399999999999977,6.599999999999993,8.299999999999988,4.999999999999999,9.599999999999984,3.400000000000002
93,11.499999999999977,6.599999999999993,8.499999999999988,4.999999999999999,9.699999999999983,3.400000000000002
94,11.499999999999977,6.599999999999993,8.499999999999988,4.999999999999999,9.799999999999983,3.500000000000002
95,11.499999999999977,6.599999999999993,8.499999999999988,4.999999999999999,9.899999999999983,3.6000000000000023
96,11.499999999999977,6.599999999999993,8.499999999999988,4.999999999999999,9.999999999999982,3.7000000000000024
97,11.599999999999977,6.599999999999993,8.699999999999987,4.999999999999999,10.099999999999982,3.7000000000000024
98,11.699999999999976,6.899999999999992,8.699999999999987,4.999999999999999,10.199999999999982,3.7000000000000024
99,11.799999999999976,6.899999999999992,8.999999999999986,4.999999999999999,10.299999999999981,3.7000000000000024
100,11.899999999999975,6.899999999999992,8.999999999999986,5.199999999999998,10.299999999999981,3.7000000000000024
101,12.199999999999974,6.999999999999992,9.099999999999985,5.299999999999998,10.299999999999981,3.7000000000000024
102,12.299999999999974,7.199999999999991,9.099999999999985,5.299999999999998,10.39999999999998,3.7000000000000024
103,12.399999999999974,7.199999999999991,9.099999999999985,5.499999999999997,10.39999999999998,3.7000000000000024
104,12.799999999999972,7.299999999999991,9.199999999999985,5.599999999999997,10.39999999999998,3.7000000000000024
105,12.899999999999972,7.299999999999991,9.399999999999984,5.599999999999997,10.49999999999998,3.7000000000000024
106,13.19999999999997,7.399999999999991,9.499999999999984,5.699999999999997,10.49999999999998,3.7000000000000024
107,13.19999999999997,7.49999999999999,9.599999999999984,5.699999999999997,10.79999999999998,3.8000000000000025
108,13.29999999999997,7.49999999999999,9.799999999999983,5.699999999999997,10.899999999999979,3.8000000000000025
109,13.29999999999997,7.59999999999999,9.899999999999983,5.699999999999997,11.199999999999978,3.9000000000000026
110,13.39999999999997,7.799999999999989,9.899999999999983,5.699999999999997,11.299999999999978,3.9000000000000026
111,13.49999999999997,7.9999999999999885,9.899999999999983,5.699999999999997,11.399999999999977,3.9000000000000026
112,13.49999999999997,8.099999999999989,9.999999999999982,5.699999999999997,11.699999999999976,4.000000000000003
113,13.59999999999997,8.099999999999989,9.999999999999982,5.899999999999996,11.699999999999976,4.000000000000003
114,13.59999999999997,8.199999999999989,10.099999999999982,5.899999999999996,11.999999999999975,4.100000000000002
115,13.699999999999969,8.499999999999988,10.099999999999982,5.899999999999996,12.099999999999975,4.100000000000002
116,13.999999999999968,8.599999999999987,10.199999999999982,5.999999999999996,12.099999999999975,4.100000000000002
117,13.999999999999968,8.699999999999987,10.299999999999981,5.999999999999996,12.399999999999974,4.200000000000002
118,14.099999999999968,8.699999999999987,10.299999999999981,6.199999999999995,12.399999999999974,4.200000000000002
119,14.099999999999968,8.699999999999987,10.299999999999981,6.199999999999995,12.499999999999973,4.300000000000002
120,14.099999999999968,8.799999999999986,10.39999999999998,6.199999999999995,12.799999999999972,4.400000000000001
121,14.399999999999967,8.899999999999986,10.49999999999998,6.2999999999999945,12.799999999999972,4.400000000000001
122,14.399999999999967,8.899999999999986,10.49999999999998,6.2999999999999945,12.899999999999972,4.500000000000001
123,14.699999999999966,8.999999999999986,10.59999999999998,6.399999999999994,12.899999999999972,4.500000000000001
124,14.799999999999965,8.999999999999986,10.59999999999998,6.499999999999994,12.899999999999972,4.500000000000001
125,14.899999999999965,8.999999999999986,10.899999999999979,6.499999999999994,12.999999999999972,4.500000000000001
126,14.899999999999965,9.099999999999985,10.999999999999979,6.499999999999994,13.29999999999997,4.6000000000000005
127,14.899999999999965,9.199999999999985,11.099999999999978,6.499999999999994,13.699999999999969,4.7
128,14.899999999999965,9.299999999999985,11.199999999999978,6.499999999999994,13.999999999999968,4.8
129,14.999999999999964,9.299999999999985,11.199999999999978,6.599999999999993,13.999999999999968,4.8
130,15.099999999999964,9.499999999999984,11.199999999999978,6.599999999999993,14.099999999999968,4.8
131,15.199999999999964,9.699999999999983,11.199999999999978,6.599999999999993,14.199999999999967,4.8
132,15.199999999999964,9.699999999999983,11.199999999999978,6.599999999999993,14.299999999999967,4.8999999999999995
133,15.299999999999963,9.899999999999983,11.199999999999978,6.599999999999993,14.399999999999967,4.8999999999999995
134,15.399999999999963,9.899999999999983,11.199999999999978,6.699999999999993,14.399999999999967,4.8999999999999995
135,15.399999999999963,9.899999999999983,11.199999999999978,6.699999999999993,14.499999999999966,5.099999999999999
136,15.499999999999963,9.899999999999983,11.199999999999978,6.799999999999993,14.499999999999966,5.099999999999999
137,15.899999999999961,9.999999999999982,11.299999999999978,6.899999999999992,14.499999999999966,5.099999999999999
138,16.199999999999964,10.099999999999982,11.399999999999977,6.999999999999992,14.499999999999966,5.099999999999999
139,16.199999999999964,10.099999999999982,11.399999999999977,6.999999999999992,14.599999999999966,5.199999999999998
140,16.299999999999965,10.099999999999982,11.399999999999977,7.199999999999991,14.599999999999966,5.199999999999998
141,16.399999999999967,10.099999999999982,11.699999999999976,7.199999999999991,14.699999999999966,5.199999999999998
142,16.499999999999968,10.099999999999982,11.699999999999976,7.399999999999991,14.699999999999966,5.199999999999998
143,16.59999999999997,10.099999999999982,11.699999999999976,7.49999999999999,14.699999999999966,5.199999999999998
144,16.69999999999997,10.099999999999982,11.899999999999975,7.49999999999999,14.799999999999965,5.199999999999998
145,16.799999999999972,10.099999999999982,11.899999999999975,7.6999999999999895,14.799999999999965,5.199999999999998
146,17.099999999999977,10.199999999999982,11.999999999999975,7.799999999999989,14.799999999999965,5.199999999999998
147,17.39999999999998,10.299999999999981,12.099999999999975,7.899999999999989,14.799999999999965,5.199999999999998
148,17.39999999999998,10.299999999999981,12.099999999999975,7.899999999999989,14.899999999999965,5.299999999999998
149,17.499999999999982,10.59999999999998,12.099999999999975,7.899999999999989,14.999999999999964,5.299999999999998
150,17.599999999999984,10.59999999999998,12.099999999999975,8.099999999999989,14.999999999999964,5.299999999999998
151,17.699999999999985,10.59999999999998,12.099999999999975,8.199999999999989,14.999999999999964,5.299999999999998
152,17.699999999999985,10.69999999999998,12.199999999999974,8.199999999999989,15.299999999999963,5.399999999999998
153,17.799999999999986,10.899999999999979,12.199999999999974,8.199999999999989,15.399999999999963,5.399999999999998
154,17.899999999999988,11.099999999999978,12.199999999999974,8.199999999999989,15.499999999999963,5.399999999999998
155,17.99999999999999,11.099999999999978,12.199999999999974,8.299999999999988,15.499999999999963,5.399999999999998
156,18.09999999999999,11.299999999999978,12.199999999999974,8.299999999999988,15.599999999999962,5.399999999999998
157,18.199999999999992,11.299999999999978,12.399999999999974,8.299999999999988,15.699999999999962,5.399999999999998
158,18.299999999999994,11.299999999999978,12.399999999999974,8.499999999999988,15.699999999999962,5.399999999999998
159,18.299999999999994,11.399999999999977,12.499999999999973,8.499999999999988,15.999999999999961,5.499999999999997
160,18.399999999999995,11.399999999999977,12.699999999999973,8.499999999999988,16.099999999999962,5.499999999999997
161,18.399999999999995,11.399999999999977,12.699999999999973,8.499999999999988,16.199999999999964,5.599999999999997
162,18.499999999999996,11.399999999999977,12.899999999999972,8.499999999999988,16.299999999999965,5.599999999999997
163,18.599999999999998,11.399999999999977,13.19999999999997,8.499999999999988,16.399999999999967,5.599999999999997
164,18.7,11.399999999999977,13.39999999999997,8.499999999999988,16.499999999999968,5.599999999999997
165,18.7,11.499999999999977,13.49999999999997,8.499999999999988,16.799999999999972,5.699999999999997
166,18.8,11.499999999999977,13.49999999999997,8.699999999999987,16.799999999999972,5.699999999999997
167,18.8,11.599999999999977,13.59999999999997,8.699999999999987,17.099999999999977,5.799999999999996
168,18.8,11.699999999999976,13.699999999999969,8.699999999999987,17.39999999999998,5.899999999999996
169,18.8,11.799999999999976,13.799999999999969,8.699999999999987,17.799999999999986,5.999999999999996
170,18.8,11.799999999999976,13.799999999999969,8.699999999999987,17.899999999999988,6.199999999999995
171,19.100000000000005,11.899999999999975,13.899999999999968,8.799999999999986,17.899999999999988,6.199999999999995
172,19.200000000000006,12.099999999999975,13.899999999999968,8.799999999999986,17.99999999999999,6.199999999999995
173,19.50000000000001,12.199999999999974,13.999999999999968,8.899999999999986,17.99999999999999,6.199999999999995
174,19.600000000000012,12.199999999999974,14.299999999999967,8.899999999999986,18.09999999999999,6.199999999999995
175,19.600000000000012,12.199999999999974,14.299999999999967,8.899999999999986,18.199999999999992,6.399999999999994
176,20.000000000000018,12.299999999999974,14.399999999999967,8.999999999999986,18.199999999999992,6.399999999999994
177,20.000000000000018,12.299999999999974,14.399999999999967,8.999999999999986,18.299999999999994,6.499999999999994
178,20.10000000000002,12.299999999999974,14.399999999999967,9.099999999999985,18.299999999999994,6.499999999999994
179,20.10000000000002,12.399999999999974,14.499999999999966,9.099999999999985,18.7,6.599999999999993
180,20.20000000000002,12.399999999999974,14.699999999999966,9.099999999999985,18.8,6.599999999999993
181,20.20000000000002,12.399999999999974,14.699999999999966,9.099999999999985,18.900000000000002,6.699999999999993
182,20.600000000000026,12.499999999999973,14.799999999999965,9.199999999999985,18.900000000000002,6.699999999999993
183,20.700000000000028,12.499999999999973,14.799999999999965,9.299999999999985,18.900000000000002,6.699999999999993
184,20.80000000000003,12.499999999999973,15.099999999999964,9.299999999999985,19.000000000000004,6.699999999999993
185,21.100000000000033,12.599999999999973,15.199999999999964,9.399999999999984,19.000000000000004,6.699999999999993
186,21.50000000000004,12.699999999999973,15.299999999999963,9.499999999999984,19.000000000000004,6.699999999999993
187,21.900000000000045,12.799999999999972,15.399999999999963,9.599999999999984,19.000000000000004,6.699999999999993
188,21.900000000000045,12.799999999999972,15.399999999999963,9.599999999999984,19.100000000000005,6.799999999999993
189,21.900000000000045,12.799999999999972,15.399999999999963,9.599999999999984,19.200000000000006,6.899999999999992
190,22.000000000000046,12.799999999999972,15.399999999999963,9.699999999999983,19.200000000000006,6.899999999999992
191,22.000000000000046,12.799999999999972,15.399999999999963,9.699999999999983,19.300000000000008,6.999999999999992
192,22.30000000000005,12.899999999999972,15.499999999999963,9.799999999999983,19.300000000000008,6.999999999999992
193,22.600000000000055,12.999999999999972,15.599999999999962,9.899999999999983,19.300000000000008,6.999999999999992
194,23.00000000000006,13.099999999999971,15.699999999999962,9.999999999999982,19.300000000000008,6.999999999999992
195,23.00000000000006,13.099999999999971,15.699999999999962,9.999999999999982,19.40000000000001,7.099999999999992
196,23.100000000000062,13.099999999999971,15.999999999999961,9.999999999999982,19.50000000000001,7.099999999999992
197,23.200000000000063,13.099999999999971,15.999999999999961,10.199999999999982,19.50000000000001,7.099999999999992
198,23.500000000000068,13.19999999999997,16.099999999999962,10.299999999999981,19.50000000000001,7.099999999999992
199,23.60000000000007,13.39999999999997,16.099999999999962,10.299999999999981,19.600000000000012,7.099999999999992
200,23.70000000000007,13.59999999999997,16.099999999999962,10.299999999999981,19.700000000000014,7.099999999999992
201,23.70000000000007,13.699999999999969,16.199999999999964,10.299999999999981,20.000000000000018,7.199999999999991
202,23.70000000000007,13.799999999999969,16.299999999999965,10.299999999999981,20.400000000000023,7.299999999999991
203,23.80000000000007,13.799999999999969,16.299999999999965,10.39999999999998,20.400000000000023,7.299999999999991
204,24.100000000000076,13.899999999999968,16.399999999999967,10.49999999999998,20.400000000000023,7.299999999999991
205,24.100000000000076,13.899999999999968,16.399999999999967,10.49999999999998,20.500000000000025,7.399999999999991
206,24.100000000000076,13.899999999999968,16.399999999999967,10.49999999999998,20.600000000000026,7.49999999999999
207,24.40000000000008,13.999999999999968,16.499999999999968,10.59999999999998,20.600000000000026,7.49999999999999
208,24.50000000000008,13.999999999999968,16.69999999999997,10.59999999999998,20.700000000000028,7.49999999999999
209,24.600000000000083,13.999999999999968,16.69999999999997,10.69999999999998,20.700000000000028,7.49999999999999
210,25.00000000000009,14.099999999999968,16.799999999999972,10.79999999999998,20.700000000000028,7.49999999999999
211,25.300000000000093,14.199999999999967,16.899999999999974,10.899999999999979,20.700000000000028,7.49999999999999
212,25.400000000000095,14.399999999999967,16.899999999999974,10.899999999999979,20.80000000000003,7.49999999999999
213,25.500000000000096,14.599999999999966,16.899999999999974,10.899999999999979,20.90000000000003,7.49999999999999
214,25.8000000000001,14.699999999999966,16.999999999999975,10.999999999999979,20.90000000000003,7.49999999999999
215,25.9000000000001,14.899999999999965,16.999999999999975,10.999999999999979,21.000000000000032,7.49999999999999
216,25.9000000000001,14.899999999999965,16.999999999999975,10.999999999999979,21.100000000000033,7.59999999999999
217,25.9000000000001,14.899999999999965,16.999999999999975,10.999999999999979,21.200000000000035,7.6999999999999895
218,26.200000000000106,14.999999999999964,17.099999999999977,11.099999999999978,21.200000000000035,7.6999999999999895
219,26.300000000000107,14.999999999999964,17.29999999999998,11.099999999999978,21.300000000000036,7.6999999999999895
220,26.40000000000011,14.999999999999964,17.29999999999998,11.199999999999978,21.300000000000036,7.6999999999999895
221,26.50000000000011,14.999999999999964,17.29999999999998,11.299999999999978,21.300000000000036,7.6999999999999895
222,26.60000000000011,14.999999999999964,17.499999999999982,11.299999999999978,21.400000000000038,7.6999999999999895
223,26.60000000000011,15.099999999999964,17.599999999999984,11.299999999999978,21.700000000000042,7.799999999999989
224,26.700000000000113,15.099999999999964,17.599999999999984,11.399999999999977,21.700000000000042,7.799999999999989
225,26.800000000000114,15.299999999999963,17.599999999999984,11.399999999999977,21.800000000000043,7.799999999999989
226,26.900000000000116,15.299999999999963,17.799999999999986,11.399999999999977,21.900000000000045,7.799999999999989
227,27.000000000000117,15.299999999999963,17.799999999999986,11.599999999999977,21.900000000000045,7.799999999999989
228,27.000000000000117,15.299999999999963,17.799999999999986,11.599999999999977,22.000000000000046,7.899999999999989
229,27.000000000000117,15.399999999999963,17.899999999999988,11.599999999999977,22.400000000000052,7.9999999999999885
230,27.000000000000117,15.499999999999963,17.99999999999999,11.599999999999977,22.800000000000058,8.099999999999989
231,27.10000000000012,15.699999999999962,17.99999999999999,11.599999999999977,22.90000000000006,8.099999999999989
232,27.500000000000124,15.799999999999962,18.09999999999999,11.699999999999976,22.90000000000006,8.099999999999989
233,27.80000000000013,15.899999999999961,18.199999999999992,11.799999999999976,22.90000000000006,8.099999999999989
234,27.80000000000013,15.899999999999961,18.199999999999992,11.799999999999976,23.00000000000006,8.199999999999989
235,27.90000000000013,16.099999999999962,18.199999999999992,11.799999999999976,23.100000000000062,8.199999999999989
236,28.00000000000013,16.299999999999965,18.199999999999992,11.799999999999976,23.200000000000063,8.199999999999989
237,28.100000000000133,16.299999999999965,18.399999999999995,11.799999999999976,23.300000000000065,8.199999999999989
238,28.400000000000137,16.399999999999967,18.499999999999996,11.899999999999975,23.300000000000065,8.199999999999989
239,28.400000000000137,16.499999999999968,18.599999999999998,11.899999999999975,23.60000000000007,8.299999999999988
240,28.400000000000137,16.499999999999968,18.599999999999998,11.899999999999975,23.70000000000007,8.499999999999988
241,28.50000000000014,16.499999999999968,18.8,11.899999999999975,23.80000000000007,8.499999999999988
242,28.50000000000014,16.59999999999997,18.900000000000002,11.899999999999975,24.100000000000076,8.599999999999987
243,28.50000000000014,16.59999999999997,18.900000000000002,11.899999999999975,24.200000000000077,8.699999999999987
244,28.60000000000014,16.59999999999997,19.100000000000005,11.899999999999975,24.30000000000008,8.699999999999987
245,29.000000000000146,16.69999999999997,19.200000000000006,11.999999999999975,24.30000000000008,8.699999999999987
246,29.100000000000147,16.69999999999997,19.50000000000001,11.999999999999975,24.40000000000008,8.699999999999987
247,29.500000000000153,16.799999999999972,19.600000000000012,12.099999999999975,24.40000000000008,8.699999999999987
248,29.600000000000154,16.799999999999972,19.600000000000012,12.299999999999974,24.40000000000008,8.699999999999987
249,29.700000000000156,16.799999999999972,19.600000000000012,12.499999999999973,24.40000000000008,8.699999999999987
250,29.800000000000157,16.799999999999972,19.600000000000012,12.699999999999973,24.40000000000008,8.699999999999987
251,30.10000000000016,16.899999999999974,19.700000000000014,12.799999999999972,24.40000000000008,8.699999999999987
252,30.200000000000163,17.099999999999977,19.700000000000014,12.799999999999972,24.50000000000008,8.699999999999987
253,30.300000000000164,17.099999999999977,19.900000000000016,12.799999999999972,24.600000000000083,8.699999999999987
254,30.300000000000164,17.199999999999978,20.000000000000018,12.799999999999972,24.900000000000087,8.799999999999986
255,30.300000000000164,17.199999999999978,20.000000000000018,12.799999999999972,25.00000000000009,8.899999999999986
256,30.400000000000166,17.499999999999982,20.000000000000018,12.799999999999972,25.10000000000009,8.899999999999986
257,30.500000000000167,17.499999999999982,20.300000000000022,12.799999999999972,25.20000000000009,8.899999999999986
258,30.500000000000167,17.499999999999982,20.300000000000022,12.799999999999972,25.300000000000093,8.999999999999986
259,30.60000000000017,17.499999999999982,20.500000000000025,12.799999999999972,25.400000000000095,8.999999999999986
260,30.70000000000017,17.499999999999982,20.700000000000028,12.799999999999972,25.500000000000096,8.999999999999986
261,30.80000000000017,17.499999999999982,20.90000000000003,12.799999999999972,25.600000000000097,8.999999999999986
262,30.80000000000017,17.599999999999984,21.000000000000032,12.799999999999972,26.000000000000103,9.099999999999985
263,31.200000000000177,17.699999999999985,21.100000000000033,12.899999999999972,26.000000000000103,9.099999999999985
264,31.30000000000018,17.699999999999985,21.300000000000036,12.899999999999972,26.100000000000104,9.099999999999985
265,31.40000000000018,17.699999999999985,21.50000000000004,12.899999999999972,26.200000000000106,9.099999999999985
266,31.50000000000018,17.899999999999988,21.50000000000004,12.899999999999972,26.300000000000107,9.099999999999985
267,31.600000000000183,17.899999999999988,21.700000000000042,12.899999999999972,26.40000000000011,9.099999999999985
268,31.700000000000184,17.899999999999988,21.700000000000042,13.099999999999971,26.40000000000011,9.099999999999985
269,31.700000000000184,17.99999999999999,21.800000000000043,13.099999999999971,26.800000000000114,9.199999999999985
270,31.800000000000185,17.99999999999999,21.800000000000043,13.19999999999997,26.800000000000114,9.199999999999985
271,31.800000000000185,17.99999999999999,21.800000000000043,13.19999999999997,26.900000000000116,9.399999999999984
272,31.800000000000185,17.99999999999999,21.800000000000043,13.19999999999997,27.000000000000117,9.499999999999984
273,31.800000000000185,18.09999999999999,21.900000000000045,13.19999999999997,27.30000000000012,9.599999999999984
274,31.900000000000187,18.09999999999999,21.900000000000045,13.29999999999997,27.30000000000012,9.599999999999984
275,31.900000000000187,18.199999999999992,22.000000000000046,13.29999999999997,27.700000000000127,9.699999999999983
276,32.000000000000185,18.199999999999992,22.20000000000005,13.29999999999997,27.80000000000013,9.699999999999983
277,32.40000000000019,18.299999999999994,22.30000000000005,13.39999999999997,27.80000000000013,9.699999999999983
278,32.700000000000195,18.399999999999995,22.400000000000052,13.49999999999997,27.80000000000013,9.699999999999983
279,32.800000000000196,18.399999999999995,22.600000000000055,13.49999999999997,27.90000000000013,9.699999999999983
280,32.800000000000196,18.499999999999996,22.700000000000056,13.49999999999997,28.300000000000136,9.799999999999983
281,32.800000000000196,18.599999999999998,22.800000000000058,13.49999999999997,28.70000000000014,9.899999999999983
282,32.9000000000002,18.599999999999998,22.800000000000058,13.59999999999997,28.70000000000014,9.899999999999983
283,32.9000000000002,18.599999999999998,22.800000000000058,13.59999999999997,28.800000000000143,10.099999999999982
284,33.0000000000002,18.599999999999998,22.800000000000058,13.699999999999969,28.800000000000143,10.099999999999982
285,33.1000000000002,18.8,22.800000000000058,13.699999999999969,28.900000000000144,10.099999999999982
286,33.2000000000002,18.8,22.800000000000058,13.799999999999969,28.900000000000144,10.099999999999982
287,33.3000000000002,19.000000000000004,22.800000000000058,13.799999999999969,29.000000000000146,10.099999999999982
288,33.400000000000205,19.000000000000004,22.800000000000058,13.999999999999968,29.000000000000146,10.099999999999982
289,33.70000000000021,19.100000000000005,22.90000000000006,14.099999999999968,29.000000000000146,10.099999999999982
290,34.00000000000021,19.200000000000006,23.00000000000006,14.199999999999967,29.000000000000146,10.099999999999982
291,34.00000000000021,19.200000000000006,23.00000000000006,14.199999999999967,29.100000000000147,10.199999999999982
292,34.00000000000021,19.200000000000006,23.00000000000006,14.199999999999967,29.20000000000015,10.39999999999998
293,34.100000000000215,19.200000000000006,23.00000000000006,14.299999999999967,29.20000000000015,10.39999999999998
294,34.200000000000216,19.40000000000001,23.00000000000006,14.299999999999967,29.30000000000015,10.39999999999998
295,34.30000000000022,19.40000000000001,23.00000000000006,14.499999999999966,29.30000000000015,10.39999999999998
296,34.40000000000022,19.600000000000012,23.00000000000006,14.499999999999966,29.40000000000015,10.39999999999998
297,34.50000000000022,19.800000000000015,23.00000000000006,14.499999999999966,29.500000000000153,10.39999999999998
298,34.50000000000022,19.800000000000015,23.00000000000006,14.499999999999966,29.600000000000154,10.49999999999998
299,34.60000000000022,20.000000000000018,23.00000000000006,14.499999999999966,29.700000000000156,10.49999999999998
300,34.70000000000022,20.20000000000002,23.00000000000006,14.499999999999966,29.800000000000157,10.49999999999998
301,35.00000000000023,20.300000000000022,23.100000000000062,14.599999999999966,29.800000000000157,10.49999999999998
302,35.00000000000023,20.400000000000023,23.200000000000063,14.599999999999966,30.10000000000016,10.59999999999998
303,35.10000000000023,20.600000000000026,23.200000000000063,14.599999999999966,30.200000000000163,10.59999999999998
304,35.20000000000023,20.80000000000003,23.200000000000063,14.599999999999966,30.300000000000164,10.59999999999998
305,35.20000000000023,20.90000000000003,23.300000000000065,14.599999999999966,30.60000000000017,10.69999999999998
306,35.30000000000023,20.90000000000003,23.500000000000068,14.599999999999966,30.70000000000017,10.69999999999998
307,35.40000000000023,20.90000000000003,23.500000000000068,14.799999999999965,30.70000000000017,10.69999999999998
308,35.500000000000234,20.90000000000003,23.500000000000068,14.899999999999965,30.70000000000017,10.69999999999998
309,35.600000000000236,20.90000000000003,23.500000000000068,15.099999999999964,30.70000000000017,10.69999999999998
310,36.00000000000024,21.000000000000032,23.60000000000007,15.199999999999964,30.70000000000017,10.69999999999998
311,36.10000000000024,21.000000000000032,23.80000000000007,15.199999999999964,30.80000000000017,10.69999999999998
312,36.10000000000024,21.100000000000033,23.900000000000073,15.199999999999964,31.100000000000176,10.79999999999998
313,36.200000000000244,21.100000000000033,24.200000000000077,15.199999999999964,31.200000000000177,10.79999999999998
314,36.300000000000246,21.100000000000033,24.40000000000008,15.199999999999964,31.30000000000018,10.79999999999998
315,36.300000000000246,21.100000000000033,24.40000000000008,15.199999999999964,31.40000000000018,10.899999999999979
316,36.40000000000025,21.300000000000036,24.40000000000008,15.199999999999964,31.50000000000018,10.899999999999979
317,36.50000000000025,21.300000000000036,24.600000000000083,15.199999999999964,31.600000000000183,10.899999999999979
318,36.60000000000025,21.50000000000004,24.600000000000083,15.199999999999964,31.700000000000184,10.899999999999979
319,36.60000000000025,21.60000000000004,24.700000000000085,15.199999999999964,32.000000000000185,10.999999999999979
320,36.70000000000025,21.800000000000043,24.700000000000085,15.199999999999964,32.100000000000186,10.999999999999979
321,36.80000000000025,22.000000000000046,24.700000000000085,15.199999999999964,32.20000000000019,10.999999999999979
322,36.900000000000254,22.000000000000046,24.900000000000087,15.199999999999964,32.30000000000019,10.999999999999979
323,37.000000000000256,22.000000000000046,24.900000000000087,15.299999999999963,32.30000000000019,10.999999999999979
324,37.000000000000256,22.100000000000048,25.00000000000009,15.299999999999963,32.60000000000019,11.099999999999978
325,37.000000000000256,22.100000000000048,25.00000000000009,15.299999999999963,32.700000000000195,11.299999999999978
326,37.000000000000256,22.100000000000048,25.00000000000009,15.299999999999963,32.800000000000196,11.399999999999977
327,37.000000000000256,22.100000000000048,25.00000000000009,15.299999999999963,32.9000000000002,11.599999999999977
328,37.10000000000026,22.30000000000005,25.00000000000009,15.299999999999963,33.0000000000002,11.599999999999977
329,37.50000000000026,22.400000000000052,25.10000000000009,15.399999999999963,33.0000000000002,11.599999999999977
330,37.50000000000026,22.500000000000053,25.20000000000009,15.399999999999963,33.3000000000002,11.699999999999976
331,37.600000000000264,22.500000000000053,25.500000000000096,15.399999999999963,33.400000000000205,11.699999999999976
332,37.700000000000266,22.500000000000053,25.7000000000001,15.399999999999963,33.500000000000206,11.699999999999976
333,37.80000000000027,22.800000000000058,25.7000000000001,15.399999999999963,33.60000000000021,11.699999999999976
334,37.90000000000027,22.800000000000058,25.9000000000001,15.399999999999963,33.70000000000021,11.699999999999976
335,37.90000000000027,22.800000000000058,25.9000000000001,15.399999999999963,33.80000000000021,11.799999999999976
336,38.300000000000274,22.90000000000006,26.000000000000103,15.499999999999963,33.80000000000021,11.799999999999976
337,38.300000000000274,22.90000000000006,26.000000000000103,15.499999999999963,33.90000000000021,11.899999999999975
338,38.400000000000276,22.90000000000006,26.000000000000103,15.599999999999962,33.90000000000021,11.899999999999975
339,38.50000000000028,23.200000000000063,26.000000000000103,15.599999999999962,34.00000000000021,11.899999999999975
340,38.90000000000028,23.300000000000065,26.100000000000104,15.699999999999962,34.00000000000021,11.899999999999975
341,38.90000000000028,23.300000000000065,26.100000000000104,15.699999999999962,34.100000000000215,11.999999999999975
342,39.000000000000284,23.500000000000068,26.100000000000104,15.699999999999962,34.200000000000216,11.999999999999975
343,39.100000000000286,23.70000000000007,26.100000000000104,15.699999999999962,34.30000000000022,11.999999999999975
344,39.20000000000029,23.900000000000073,26.100000000000104,15.699999999999962,34.40000000000022,11.999999999999975
345,39.30000000000029,23.900000000000073,26.300000000000107,15.699999999999962,34.50000000000022,11.999999999999975
346,39.40000000000029,23.900000000000073,26.300000000000107,15.899999999999961,34.50000000000022,11.999999999999975
347,39.40000000000029,24.000000000000075,26.40000000000011,15.899999999999961,34.800000000000225,12.099999999999975
348,39.50000000000029,24.000000000000075,26.60000000000011,15.899999999999961,34.900000000000226,12.099999999999975
349,39.50000000000029,24.100000000000076,26.700000000000113,15.899999999999961,35.30000000000023,12.199999999999974
350,39.60000000000029,24.100000000000076,26.900000000000116,15.899999999999961,35.40000000000023,12.199999999999974
351,39.60000000000029,24.200000000000077,27.000000000000117,15.899999999999961,35.70000000000024,12.299999999999974
352,39.60000000000029,24.200000000000077,27.000000000000117,15.899999999999961,35.80000000000024,12.499999999999973
353,39.60000000000029,24.30000000000008,27.10000000000012,15.899999999999961,36.10000000000024,12.599999999999973
354,39.700000000000294,24.30000000000008,27.30000000000012,15.899999999999961,36.200000000000244,12.599999999999973
355,39.700000000000294,24.40000000000008,27.400000000000123,15.899999999999961,36.50000000000025,12.699999999999973
356,39.700000000000294,24.40000000000008,27.400000000000123,15.899999999999961,36.60000000000025,12.799999999999972
357,39.700000000000294,24.40000000000008,27.400000000000123,15.899999999999961,36.70000000000025,12.899999999999972
358,39.800000000000296,24.40000000000008,27.400000000000123,16.099999999999962,36.70000000000025,12.899999999999972
359,39.9000000000003,24.600000000000083,27.400000000000123,16.099999999999962,36.80000000000025,12.899999999999972
360,40.0000000000003,24.800000000000086,27.400000000000123,16.099999999999962,36.900000000000254,12.899999999999972
361,40.1000000000003,24.800000000000086,27.400000000000123,16.199999999999964,36.900000000000254,12.899999999999972
362,40.2000000000003,24.800000000000086,27.400000000000123,16.399999999999967,36.900000000000254,12.899999999999972
363,40.2000000000003,24.900000000000087,27.500000000000124,16.399999999999967,37.20000000000026,12.999999999999972
364,40.60000000000031,25.00000000000009,27.600000000000126,16.499999999999968,37.20000000000026,12.999999999999972
365,40.90000000000031,25.10000000000009,27.700000000000127,16.59999999999997,37.20000000000026,12.999999999999972
366,41.00000000000031,25.10000000000009,27.700000000000127,16.799999999999972,37.20000000000026,12.999999999999972
367,41.100000000000314,25.300000000000093,27.700000000000127,16.799999999999972,37.30000000000026,12.999999999999972
368,41.100000000000314,25.400000000000095,27.80000000000013,16.799999999999972,37.600000000000264,13.099999999999971
369,41.40000000000032,25.500000000000096,27.90000000000013,16.899999999999974,37.600000000000264,13.099999999999971
370,41.40000000000032,25.500000000000096,27.90000000000013,16.899999999999974,37.700000000000266,13.19999999999997
371,41.70000000000032,25.600000000000097,28.00000000000013,16.999999999999975,37.700000000000266,13.19999999999997
372,41.800000000000324,25.600000000000097,28.300000000000136,16.999999999999975,37.80000000000027,13.19999999999997
373,42.10000000000033,25.7000000000001,28.400000000000137,17.099999999999977,37.80000000000027,13.19999999999997
374,42.10000000000033,25.8000000000001,28.50000000000014,17.099999999999977,38.10000000000027,13.29999999999997
375,42.20000000000033,25.8000000000001,28.50000000000014,17.29999999999998,38.10000000000027,13.29999999999997
376,42.30000000000033,25.8000000000001,28.70000000000014,17.29999999999998,38.20000000000027,13.29999999999997
377,42.40000000000033,26.000000000000103,28.70000000000014,17.29999999999998,38.300000000000274,13.29999999999997
378,42.40000000000033,26.000000000000103,28.70000000000014,17.29999999999998,38.400000000000276,13.49999999999997
379,42.500000000000334,26.200000000000106,28.70000000000014,17.29999999999998,38.50000000000028,13.49999999999997
380,42.500000000000334,26.300000000000107,28.800000000000143,17.29999999999998,38.80000000000028,13.59999999999997
381,42.600000000000335,26.50000000000011,28.800000000000143,17.29999999999998,38.90000000000028,13.59999999999997
382,42.70000000000034,26.50000000000011,29.000000000000146,17.29999999999998,39.000000000000284,13.59999999999997
383,42.80000000000034,26.700000000000113,29.000000000000146,17.29999999999998,39.100000000000286,13.59999999999997
384,42.80000000000034,26.700000000000113,29.000000000000146,17.29999999999998,39.20000000000029,13.699999999999969
385,42.80000000000034,26.800000000000114,29.100000000000147,17.29999999999998,39.50000000000029,13.799999999999969
386,42.80000000000034,26.800000000000114,29.100000000000147,17.29999999999998,39.60000000000029,13.899999999999968
387,43.10000000000034,26.900000000000116,29.20000000000015,17.39999999999998,39.60000000000029,13.899999999999968
388,43.10000000000034,26.900000000000116,29.20000000000015,17.39999999999998,39.700000000000294,14.099999999999968
389,43.200000000000344,26.900000000000116,29.20000000000015,17.499999999999982,39.700000000000294,14.099999999999968
390,43.300000000000345,27.10000000000012,29.20000000000015,17.499999999999982,39.800000000000296,14.099999999999968
391,43.300000000000345,27.10000000000012,29.20000000000015,17.499999999999982,39.9000000000003,14.199999999999967
392,43.40000000000035,27.30000000000012,29.20000000000015,17.499999999999982,40.0000000000003,14.199999999999967
393,43.50000000000035,27.500000000000124,29.20000000000015,17.499999999999982,40.1000000000003,14.199999999999967
394,43.50000000000035,27.600000000000126,29.30000000000015,17.499999999999982,40.400000000000304,14.299999999999967
395,43.900000000000354,27.700000000000127,29.40000000000015,17.599999999999984,40.400000000000304,14.299999999999967
396,44.30000000000036,27.80000000000013,29.500000000000153,17.699999999999985,40.400000000000304,14.299999999999967
397,44.30000000000036,27.90000000000013,29.600000000000154,17.699999999999985,40.70000000000031,14.399999999999967
398,44.40000000000036,27.90000000000013,29.600000000000154,17.899999999999988,40.70000000000031,14.399999999999967
399,44.40000000000036,27.90000000000013,29.600000000000154,17.899999999999988,40.80000000000031,14.499999999999966
400,44.80000000000037,28.00000000000013,29.700000000000156,17.99999999999999,40.80000000000031,14.499999999999966
401,44.80000000000037,28.00000000000013,29.700000000000156,17.99999999999999,40.90000000000031,14.599999999999966
402,44.80000000000037,28.100000000000133,29.800000000000157,17.99999999999999,41.200000000000315,14.699999999999966
403,44.80000000000037,28.100000000000133,29.800000000000157,17.99999999999999,41.30000000000032,14.799999999999965
404,44.80000000000037,28.200000000000134,29.90000000000016,17.99999999999999,41.60000000000032,14.899999999999965
405,44.90000000000037,28.200000000000134,29.90000000000016,18.199999999999992,41.60000000000032,14.899999999999965
406,45.00000000000037,28.200000000000134,29.90000000000016,18.399999999999995,41.60000000000032,14.899999999999965
407,45.300000000000374,28.300000000000136,30.00000000000016,18.499999999999996,41.60000000000032,14.899999999999965
408,45.400000000000375,28.300000000000136,30.00000000000016,18.599999999999998,41.60000000000032,14.899999999999965
409,45.50000000000038,28.300000000000136,30.300000000000164,18.599999999999998,41.70000000000032,14.899999999999965
410,45.60000000000038,28.50000000000014,30.300000000000164,18.599999999999998,41.800000000000324,14.899999999999965
411,45.70000000000038,28.70000000000014,30.300000000000164,18.599999999999998,41.900000000000325,14.899999999999965
412,45.70000000000038,28.70000000000014,30.300000000000164,18.599999999999998,42.00000000000033,14.999999999999964
413,45.80000000000038,28.900000000000144,30.300000000000164,18.599999999999998,42.10000000000033,14.999999999999964
414,45.80000000000038,28.900000000000144,30.300000000000164,18.599999999999998,42.20000000000033,15.099999999999964
415,45.90000000000038,29.100000000000147,30.300000000000164,18.599999999999998,42.30000000000033,15.099999999999964
416,46.000000000000384,29.40000000000015,30.300000000000164,18.599999999999998,42.40000000000033,15.099999999999964
417,46.30000000000039,29.500000000000153,30.400000000000166,18.7,42.40000000000033,15.099999999999964
418,46.30000000000039,29.600000000000154,30.500000000000167,18.7,42.80000000000034,15.199999999999964
419,46.40000000000039,29.600000000000154,30.70000000000017,18.7,42.90000000000034,15.199999999999964
420,46.800000000000395,29.700000000000156,30.80000000000017,18.8,42.90000000000034,15.199999999999964
421,46.800000000000395,29.800000000000157,30.900000000000173,18.8,43.200000000000344,15.299999999999963
422,46.800000000000395,29.800000000000157,30.900000000000173,18.8,43.300000000000345,15.399999999999963
423,46.800000000000395,29.90000000000016,31.000000000000174,18.8,43.60000000000035,15.499999999999963
424,46.800000000000395,29.90000000000016,31.000000000000174,18.8,43.70000000000035,15.599999999999962
425,46.800000000000395,30.00000000000016,31.100000000000176,18.8,44.000000000000355,15.699999999999962
426,46.9000000000004,30.200000000000163,31.100000000000176,18.8,44.10000000000036,15.699999999999962
427,47.0000000000004,30.200000000000163,31.30000000000018,18.8,44.20000000000036,15.699999999999962
428,47.0000000000004,30.300000000000164,31.40000000000018,18.8,44.50000000000036,15.799999999999962
429,47.1000000000004,30.500000000000167,31.40000000000018,18.8,44.600000000000364,15.799999999999962
430,47.1000000000004,30.500000000000167,31.40000000000018,18.8,44.700000000000365,15.899999999999961
431,47.1000000000004,30.60000000000017,31.50000000000018,18.8,45.00000000000037,15.999999999999961
432,47.2000000000004,30.60000000000017,31.50000000000018,19.000000000000004,45.00000000000037,15.999999999999961
433,47.2000000000004,30.60000000000017,31.50000000000018,19.000000000000004,45.10000000000037,16.099999999999962
434,47.500000000000405,30.70000000000017,31.600000000000183,19.100000000000005,45.10000000000037,16.099999999999962
435,47.500000000000405,30.70000000000017,31.600000000000183,19.100000000000005,45.20000000000037,16.199999999999964
436,47.600000000000406,30.70000000000017,31.600000000000183,19.300000000000008,45.20000000000037,16.199999999999964
437,47.600000000000406,30.80000000000017,31.700000000000184,19.300000000000008,45.50000000000038,16.299999999999965
438,47.70000000000041,31.100000000000176,31.700000000000184,19.300000000000008,45.60000000000038,16.299999999999965
439,47.70000000000041,31.200000000000177,31.800000000000185,19.300000000000008,45.90000000000038,16.399999999999967
440,47.80000000000041,31.200000000000177,31.800000000000185,19.40000000000001,45.90000000000038,16.399999999999967
441,47.90000000000041,31.200000000000177,31.800000000000185,19.50000000000001,45.90000000000038,16.399999999999967
442,47.90000000000041,31.30000000000018,31.900000000000187,19.50000000000001,46.20000000000039,16.499999999999968
443,48.00000000000041,31.50000000000018,31.900000000000187,19.50000000000001,46.30000000000039,16.499999999999968
444,48.40000000000042,31.600000000000183,32.000000000000185,19.600000000000012,46.30000000000039,16.499999999999968
445,48.50000000000042,31.600000000000183,32.000000000000185,19.800000000000015,46.30000000000039,16.499999999999968
446,48.60000000000042,31.800000000000185,32.000000000000185,19.800000000000015,46.40000000000039,16.499999999999968
447,48.60000000000042,31.900000000000187,32.100000000000186,19.800000000000015,46.700000000000394,16.59999999999997
448,48.900000000000425,32.000000000000185,32.20000000000019,19.900000000000016,46.700000000000394,16.59999999999997
449,49.000000000000426,32.000000000000185,32.50000000000019,19.900000000000016,46.800000000000395,16.59999999999997
450,49.40000000000043,32.100000000000186,32.60000000000019,20.000000000000018,46.800000000000395,16.59999999999997
451,49.50000000000043,32.100000000000186,32.60000000000019,20.10000000000002,46.800000000000395,16.59999999999997
452,49.600000000000435,32.30000000000019,32.60000000000019,20.10000000000002,46.9000000000004,16.59999999999997
453,49.700000000000436,32.30000000000019,32.60000000000019,20.20000000000002,46.9000000000004,16.59999999999997
454,50.00000000000044,32.40000000000019,32.700000000000195,20.300000000000022,46.9000000000004,16.59999999999997
455,50.10000000000044,32.700000000000195,32.700000000000195,20.300000000000022,47.0000000000004,16.59999999999997
456,50.10000000000044,32.800000000000196,32.800000000000196,20.300000000000022,47.3000000000004,16.69999999999997
457,50.10000000000044,32.9000000000002,32.9000000000002,20.300000000000022,47.70000000000041,16.799999999999972
458,50.10000000000044,33.0000000000002,33.0000000000002,20.300000000000022,48.10000000000041,16.899999999999974
459,50.10000000000044,33.1000000000002,33.1000000000002,20.300000000000022,48.50000000000042,16.999999999999975
460,50.400000000000446,33.2000000000002,33.2000000000002,20.400000000000023,48.50000000000042,16.999999999999975
461,50.400000000000446,33.2000000000002,33.2000000000002,20.400000000000023,48.60000000000042,17.099999999999977
462,50.50000000000045,33.2000000000002,33.400000000000205,20.400000000000023,48.70000000000042,17.099999999999977
463,50.50000000000045,33.3000000000002,33.500000000000206,20.400000000000023,49.000000000000426,17.199999999999978
464,50.50000000000045,33.400000000000205,33.60000000000021,20.400000000000023,49.30000000000043,17.29999999999998
465,50.60000000000045,33.400000000000205,33.60000000000021,20.500000000000025,49.30000000000043,17.29999999999998
466,50.70000000000045,33.400000000000205,33.60000000000021,20.600000000000026,49.30000000000043,17.29999999999998
467,50.80000000000045,33.60000000000021,33.60000000000021,20.600000000000026,49.40000000000043,17.29999999999998
468,50.90000000000045,33.60000000000021,33.80000000000021,20.600000000000026,49.50000000000043,17.29999999999998
469,50.90000000000045,33.70000000000021,33.90000000000021,20.600000000000026,49.90000000000044,17.39999999999998
470,51.000000000000455,33.70000000000021,34.100000000000215,20.600000000000026,50.00000000000044,17.39999999999998
471,51.000000000000455,33.70000000000021,34.100000000000215,20.600000000000026,50.10000000000044,17.499999999999982
472,51.30000000000046,33.80000000000021,34.200000000000216,20.700000000000028,50.10000000000044,17.499999999999982
473,51.30000000000046,33.80000000000021,34.200000000000216,20.700000000000028,50.20000000000044,17.599999999999984
474,51.700000000000465,33.90000000000021,34.30000000000022,20.80000000000003,50.20000000000044,17.599999999999984
475,51.800000000000466,34.100000000000215,34.30000000000022,20.80000000000003,50.300000000000445,17.599999999999984
476,51.800000000000466,34.100000000000215,34.30000000000022,20.80000000000003,50.400000000000446,17.699999999999985
477,51.90000000000047,34.100000000000215,34.30000000000022,21.000000000000032,50.400000000000446,17.699999999999985
478,51.90000000000047,34.200000000000216,34.40000000000022,21.000000000000032,50.70000000000045,17.799999999999986
479,52.00000000000047,34.200000000000216,34.60000000000022,21.000000000000032,50.80000000000045,17.799999999999986
480,52.10000000000047,34.200000000000216,34.60000000000022,21.100000000000033,50.80000000000045,17.799999999999986
481,52.10000000000047,34.30000000000022,34.70000000000022,21.100000000000033,51.100000000000456,17.899999999999988
482,52.20000000000047,34.50000000000022,34.70000000000022,21.100000000000033,51.20000000000046,17.899999999999988
483,52.30000000000047,34.70000000000022,34.70000000000022,21.100000000000033,51.30000000000046,17.899999999999988
484,52.400000000000475,34.900000000000226,34.70000000000022,21.100000000000033,51.40000000000046,17.899999999999988
485,52.500000000000476,35.10000000000023,34.70000000000022,21.100000000000033,51.50000000000046,17.899999999999988
486,52.500000000000476,35.20000000000023,34.800000000000225,21.100000000000033,51.800000000000466,17.99999999999999
487,52.60000000000048,35.20000000000023,34.800000000000225,21.200000000000035,51.800000000000466,17.99999999999999
488,52.60000000000048,35.30000000000023,34.900000000000226,21.200000000000035,52.10000000000047,18.09999999999999
489,52.70000000000048,35.30000000000023,35.20000000000023,21.200000000000035,52.20000000000047,18.09999999999999
490,52.70000000000048,35.30000000000023,35.20000000000023,21.200000000000035,52.30000000000047,18.199999999999992
491,52.70000000000048,35.40000000000023,35.30000000000023,21.200000000000035,52.60000000000048,18.299999999999994
492,52.80000000000048,35.40000000000023,35.500000000000234,21.200000000000035,52.70000000000048,18.299999999999994
493,52.90000000000048,35.40000000000023,35.70000000000024,21.200000000000035,52.80000000000048,18.299999999999994
494,53.00000000000048,35.600000000000236,35.70000000000024,21.200000000000035,52.90000000000048,18.299999999999994
495,53.100000000000485,35.600000000000236,35.90000000000024,21.200000000000035,53.00000000000048,18.299999999999994
496,53.40000000000049,35.70000000000024,36.00000000000024,21.300000000000036,53.00000000000048,18.299999999999994
497,53.40000000000049,35.70000000000024,36.00000000000024,21.300000000000036,53.100000000000485,18.499999999999996
498,53.70000000000049,35.80000000000024,36.10000000000024,21.400000000000038,53.100000000000485,18.499999999999996
499,53.800000000000495,36.00000000000024,36.10000000000024,21.400000000000038,53.200000000000486,18.499999999999996
500,54.1000000000005,36.10000000000024,36.200000000000244,21.50000000000004,53.200000000000486,18.499999999999996
501,54.1000000000005,36.10000000000024,36.200000000000244,21.50000000000004,53.30000000000049,18.599999999999998
502,54.4000000000005,36.200000000000244,36.300000000000246,21.60000000000004,53.30000000000049,18.599999999999998
503,54.500000000000504,36.40000000000025,36.300000000000246,21.60000000000004,53.40000000000049,18.599999999999998
504,54.600000000000506,36.70000000000025,36.300000000000246,21.60000000000004,53.50000000000049,18.599999999999998
505,54.70000000000051,37.000000000000256,36.300000000000246,21.60000000000004,53.60000000000049,18.599999999999998
506,54.70000000000051,37.10000000000026,36.40000000000025,21.60000000000004,53.900000000000496,18.7
507,54.70000000000051,37.10000000000026,36.40000000000025,21.60000000000004,54.0000000000005,18.8
508,54.80000000000051,37.10000000000026,36.60000000000025,21.60000000000004,54.1000000000005,18.8
509,54.90000000000051,37.30000000000026,36.60000000000025,21.60000000000004,54.2000000000005,18.8
510,54.90000000000051,37.30000000000026,36.60000000000025,21.60000000000004,54.3000000000005,18.900000000000002
511,55.00000000000051,37.30000000000026,36.60000000000025,21.800000000000043,54.3000000000005,18.900000000000002
512,55.10000000000051,37.50000000000026,36.60000000000025,21.800000000000043,54.4000000000005,18.900000000000002
513,55.40000000000052,37.600000000000264,36.70000000000025,21.900000000000045,54.4000000000005,18.900000000000002
514,55.50000000000052,37.600000000000264,37.000000000000256,21.900000000000045,54.500000000000504,18.900000000000002
515,55.60000000000052,37.80000000000027,37.000000000000256,21.900000000000045,54.600000000000506,18.900000000000002
516,56.000000000000526,37.90000000000027,37.10000000000026,22.000000000000046,54.600000000000506,18.900000000000002
517,56.10000000000053,38.10000000000027,37.10000000000026,22.000000000000046,54.70000000000051,18.900000000000002
518,56.10000000000053,38.20000000000027,37.20000000000026,22.000000000000046,55.00000000000051,19.000000000000004
519,56.20000000000053,38.400000000000276,37.20000000000026,22.000000000000046,55.10000000000051,19.000000000000004
520,56.30000000000053,38.400000000000276,37.40000000000026,22.000000000000046,55.200000000000514,19.000000000000004
521,56.600000000000534,38.50000000000028,37.50000000000026,22.100000000000048,55.200000000000514,19.000000000000004
522,56.600000000000534,38.60000000000028,37.600000000000264,22.100000000000048,55.60000000000052,19.100000000000005
523,56.600000000000534,38.60000000000028,37.600000000000264,22.100000000000048,55.70000000000052,19.300000000000008
524,56.600000000000534,38.70000000000028,37.700000000000266,22.100000000000048,56.000000000000526,19.40000000000001
525,56.600000000000534,38.70000000000028,37.700000000000266,22.100000000000048,56.10000000000053,19.50000000000001
526,56.700000000000536,38.70000000000028,37.700000000000266,22.20000000000005,56.10000000000053,19.50000000000001
527,56.80000000000054,38.70000000000028,37.700000000000266,22.30000000000005,56.10000000000053,19.50000000000001
528,56.90000000000054,38.70000000000028,38.00000000000027,22.30000000000005,56.20000000000053,19.50000000000001
529,57.00000000000054,38.90000000000028,38.00000000000027,22.30000000000005,56.30000000000053,19.50000000000001
530,57.10000000000054,38.90000000000028,38.00000000000027,22.500000000000053,56.30000000000053,19.50000000000001
531,57.50000000000055,39.000000000000284,38.10000000000027,22.600000000000055,56.30000000000053,19.50000000000001
532,57.80000000000055,39.100000000000286,38.20000000000027,22.700000000000056,56.30000000000053,19.50000000000001
533,58.100000000000556,39.20000000000029,38.300000000000274,22.800000000000058,56.30000000000053,19.50000000000001
534,58.100000000000556,39.20000000000029,38.300000000000274,22.800000000000058,56.40000000000053,19.600000000000012
535,58.100000000000556,39.20000000000029,38.300000000000274,22.800000000000058,56.50000000000053,19.800000000000015
536,58.100000000000556,39.20000000000029,38.300000000000274,22.800000000000058,56.600000000000534,19.900000000000016
537,58.50000000000056,39.30000000000029,38.400000000000276,22.90000000000006,56.600000000000534,19.900000000000016
538,58.60000000000056,39.30000000000029,38.60000000000028,22.90000000000006,56.700000000000536,19.900000000000016
539,58.60000000000056,39.40000000000029,38.70000000000028,22.90000000000006,57.00000000000054,20.000000000000018
540,58.90000000000057,39.50000000000029,38.80000000000028,23.00000000000006,57.00000000000054,20.000000000000018
541,58.90000000000057,39.60000000000029,38.90000000000028,23.00000000000006,57.300000000000544,20.10000000000002
542,58.90000000000057,39.60000000000029,38.90000000000028,23.00000000000006,57.400000000000546,20.300000000000022
543,58.90000000000057,39.700000000000294,39.000000000000284,23.00000000000006,57.70000000000055,20.400000000000023
544,59.00000000000057,39.700000000000294,39.000000000000284,23.100000000000062,57.70000000000055,20.400000000000023
545,59.400000000000574,39.800000000000296,39.100000000000286,23.200000000000063,57.70000000000055,20.400000000000023
546,59.400000000000574,39.9000000000003,39.20000000000029,23.200000000000063,58.000000000000554,20.500000000000025
547,59.400000000000574,40.0000000000003,39.30000000000029,23.200000000000063,58.30000000000056,20.600000000000026
548,59.400000000000574,40.1000000000003,39.40000000000029,23.200000000000063,58.60000000000056,20.700000000000028
549,59.70000000000058,40.2000000000003,39.50000000000029,23.300000000000065,58.60000000000056,20.700000000000028
550,59.70000000000058,40.2000000000003,39.50000000000029,23.300000000000065,58.700000000000564,20.80000000000003
551,59.80000000000058,40.2000000000003,39.50000000000029,23.500000000000068,58.700000000000564,20.80000000000003
552,59.90000000000058,40.2000000000003,39.50000000000029,23.60000000000007,58.700000000000564,20.80000000000003
553,60.00000000000058,40.2000000000003,39.800000000000296,23.60000000000007,58.800000000000566,20.80000000000003
554,60.00000000000058,40.2000000000003,39.800000000000296,23.60000000000007,58.90000000000057,21.000000000000032
555,60.100000000000584,40.2000000000003,39.800000000000296,23.70000000000007,58.90000000000057,21.000000000000032
556,60.100000000000584,40.2000000000003,39.800000000000296,23.70000000000007,59.00000000000057,21.100000000000033
557,60.200000000000585,40.2000000000003,39.800000000000296,23.80000000000007,59.00000000000057,21.100000000000033
558,60.50000000000059,40.3000000000003,39.9000000000003,23.900000000000073,59.00000000000057,21.100000000000033
559,60.60000000000059,40.500000000000306,39.9000000000003,23.900000000000073,59.10000000000057,21.100000000000033
560,60.70000000000059,40.70000000000031,39.9000000000003,23.900000000000073,59.20000000000057,21.100000000000033
561,60.70000000000059,40.80000000000031,40.0000000000003,23.900000000000073,59.500000000000576,21.200000000000035
562,61.1000000000006,40.90000000000031,40.1000000000003,24.000000000000075,59.500000000000576,21.200000000000035
563,61.1000000000006,40.90000000000031,40.1000000000003,24.000000000000075,59.60000000000058,21.300000000000036
564,61.2000000000006,40.90000000000031,40.1000000000003,24.100000000000076,59.60000000000058,21.300000000000036
565,61.2000000000006,41.00000000000031,40.2000000000003,24.100000000000076,59.90000000000058,21.400000000000038
566,61.2000000000006,41.00000000000031,40.2000000000003,24.100000000000076,60.00000000000058,21.50000000000004
567,61.500000000000604,41.100000000000314,40.3000000000003,24.200000000000077,60.00000000000058,21.50000000000004
568,61.600000000000605,41.100000000000314,40.3000000000003,24.40000000000008,60.00000000000058,21.50000000000004
569,61.600000000000605,41.200000000000315,40.400000000000304,24.40000000000008,60.30000000000059,21.60000000000004
570,61.600000000000605,41.30000000000032,40.500000000000306,24.40000000000008,60.70000000000059,21.700000000000042
571,61.600000000000605,41.30000000000032,40.500000000000306,24.40000000000008,60.800000000000594,21.800000000000043
572,61.70000000000061,41.30000000000032,40.80000000000031,24.40000000000008,60.900000000000595,21.800000000000043
573,61.70000000000061,41.30000000000032,40.80000000000031,24.40000000000008,61.0000000000006,21.900000000000045
574,61.80000000000061,41.60000000000032,40.80000000000031,24.40000000000008,61.1000000000006,21.900000000000045
575,61.80000000000061,41.70000000000032,40.90000000000031,24.40000000000008,61.4000000000006,22.000000000000046
576,61.90000000000061,41.70000000000032,40.90000000000031,24.600000000000083,61.4000000000006,22.000000000000046
577,62.00000000000061,41.900000000000325,40.90000000000031,24.600000000000083,61.500000000000604,22.000000000000046
578,62.00000000000061,42.00000000000033,41.00000000000031,24.600000000000083,61.80000000000061,22.100000000000048
579,62.40000000000062,42.10000000000033,41.100000000000314,24.700000000000085,61.80000000000061,22.100000000000048
580,62.50000000000062,42.40000000000033,41.100000000000314,24.700000000000085,61.90000000000061,22.100000000000048
581,62.60000000000062,42.40000000000033,41.30000000000032,24.700000000000085,62.00000000000061,22.100000000000048
582,62.60000000000062,42.40000000000033,41.30000000000032,24.700000000000085,62.10000000000061,22.20000000000005
583,62.70000000000062,42.40000000000033,41.50000000000032,24.700000000000085,62.200000000000614,22.20000000000005
584,62.70000000000062,42.40000000000033,41.50000000000032,24.700000000000085,62.300000000000615,22.30000000000005
585,63.000000000000625,42.500000000000334,41.60000000000032,24.800000000000086,62.300000000000615,22.30000000000005
586,63.000000000000625,42.500000000000334,41.60000000000032,24.800000000000086,62.40000000000062,22.500000000000053
587,63.10000000000063,42.500000000000334,41.800000000000324,24.800000000000086,62.50000000000062,22.500000000000053
588,63.20000000000063,42.500000000000334,41.800000000000324,24.900000000000087,62.50000000000062,22.500000000000053
589,63.30000000000063,42.500000000000334,42.00000000000033,24.900000000000087,62.60000000000062,22.500000000000053
590,63.600000000000634,42.600000000000335,42.10000000000033,25.00000000000009,62.60000000000062,22.500000000000053
591,64.00000000000064,42.70000000000034,42.20000000000033,25.10000000000009,62.60000000000062,22.500000000000053
592,64.00000000000064,42.80000000000034,42.30000000000033,25.10000000000009,62.900000000000624,22.600000000000055
593,64.40000000000062,42.90000000000034,42.40000000000033,25.20000000000009,62.900000000000624,22.600000000000055
594,64.40000000000062,43.00000000000034,42.500000000000334,25.20000000000009,63.20000000000063,22.700000000000056
595,64.50000000000061,43.00000000000034,42.500000000000334,25.300000000000093,63.20000000000063,22.700000000000056
596,64.6000000000006,43.00000000000034,42.500000000000334,25.400000000000095,63.20000000000063,22.700000000000056
597,64.7000000000006,43.200000000000344,42.500000000000334,25.400000000000095,63.30000000000063,22.700000000000056
598,64.8000000000006,43.200000000000344,42.70000000000034,25.400000000000095,63.40000000000063,22.700000000000056
599,64.8000000000006,43.200000000000344,42.70000000000034,25.400000000000095,63.50000000000063,22.800000000000058
600,64.90000000000059,43.200000000000344,42.90000000000034,25.400000000000095,63.600000000000634,22.800000000000058
601,64.90000000000059,43.200000000000344,42.90000000000034,25.400000000000095,63.700000000000635,22.90000000000006
602,65.30000000000057,43.300000000000345,43.00000000000034,25.500000000000096,63.700000000000635,22.90000000000006
603,65.40000000000056,43.300000000000345,43.00000000000034,25.7000000000001,63.700000000000635,22.90000000000006
604,65.80000000000054,43.40000000000035,43.10000000000034,25.8000000000001,63.700000000000635,22.90000000000006
605,65.80000000000054,43.40000000000035,43.10000000000034,25.8000000000001,63.80000000000064,23.00000000000006
606,66.20000000000051,43.50000000000035,43.200000000000344,25.9000000000001,63.80000000000064,23.00000000000006
607,66.30000000000051,43.50000000000035,43.40000000000035,25.9000000000001,63.90000000000064,23.00000000000006
608,66.4000000000005,43.70000000000035,43.40000000000035,25.9000000000001,64.00000000000064,23.00000000000006
609,66.5000000000005,43.900000000000354,43.40000000000035,25.9000000000001,64.10000000000063,23.00000000000006
610,66.5000000000005,44.000000000000355,43.50000000000035,25.9000000000001,64.40000000000062,23.100000000000062
611,66.5000000000005,44.000000000000355,43.50000000000035,25.9000000000001,64.50000000000061,23.200000000000063
612,66.5000000000005,44.000000000000355,43.50000000000035,25.9000000000001,64.6000000000006,23.300000000000065
613,66.60000000000049,44.000000000000355,43.50000000000035,26.000000000000103,64.6000000000006,23.300000000000065
614,66.70000000000049,44.000000000000355,43.70000000000035,26.000000000000103,64.7000000000006,23.300000000000065
615,66.70000000000049,44.10000000000036,43.80000000000035,26.000000000000103,65.00000000000058,23.400000000000066
616,66.80000000000048,44.40000000000036,43.80000000000035,26.000000000000103,65.10000000000058,23.400000000000066
617,66.80000000000048,44.50000000000036,43.900000000000354,26.000000000000103,65.40000000000056,23.500000000000068
618,66.80000000000048,44.50000000000036,43.900000000000354,26.000000000000103,65.50000000000055,23.60000000000007
619,66.90000000000047,44.50000000000036,44.10000000000036,26.000000000000103,65.60000000000055,23.60000000000007
620,67.30000000000045,44.600000000000364,44.20000000000036,26.100000000000104,65.60000000000055,23.60000000000007
621,67.30000000000045,44.600000000000364,44.20000000000036,26.100000000000104,65.70000000000054,23.70000000000007
622,67.40000000000045,44.90000000000037,44.20000000000036,26.100000000000104,65.80000000000054,23.70000000000007
623,67.70000000000043,45.00000000000037,44.30000000000036,26.200000000000106,65.80000000000054,23.70000000000007
624,67.80000000000042,45.00000000000037,44.30000000000036,26.300000000000107,65.80000000000054,23.70000000000007
625,67.90000000000042,45.00000000000037,44.30000000000036,26.40000000000011,65.80000000000054,23.70000000000007
626,68.00000000000041,45.00000000000037,44.30000000000036,26.60000000000011,65.80000000000054,23.70000000000007
627,68.00000000000041,45.00000000000037,44.30000000000036,26.60000000000011,65.90000000000053,23.80000000000007
628,68.00000000000041,45.00000000000037,44.30000000000036,26.60000000000011,66.00000000000053,23.900000000000073
629,68.00000000000041,45.10000000000037,44.40000000000036,26.60000000000011,66.30000000000051,24.000000000000075
630,68.1000000000004,45.10000000000037,44.40000000000036,26.800000000000114,66.30000000000051,24.000000000000075
631,68.1000000000004,45.20000000000037,44.50000000000036,26.800000000000114,66.70000000000049,24.100000000000076
632,68.1000000000004,45.20000000000037,44.50000000000036,26.800000000000114,66.80000000000048,24.200000000000077
633,68.2000000000004,45.20000000000037,44.700000000000365,26.800000000000114,66.90000000000047,24.200000000000077
634,68.3000000000004,45.400000000000375,44.700000000000365,26.800000000000114,67.00000000000047,24.200000000000077
635,68.3000000000004,45.50000000000038,44.80000000000037,26.800000000000114,67.30000000000045,24.30000000000008
636,68.3000000000004,45.50000000000038,44.80000000000037,26.800000000000114,67.40000000000045,24.40000000000008
637,68.40000000000039,45.50000000000038,44.80000000000037,26.900000000000116,67.40000000000045,24.40000000000008
638,68.50000000000038,45.50000000000038,45.00000000000037,26.900000000000116,67.50000000000044,24.40000000000008
639,68.50000000000038,45.50000000000038,45.00000000000037,26.900000000000116,67.60000000000043,24.50000000000008
640,68.60000000000038,45.50000000000038,45.00000000000037,27.000000000000117,67.60000000000043,24.50000000000008
641,68.90000000000036,45.60000000000038,45.10000000000037,27.10000000000012,67.60000000000043,24.50000000000008
642,69.00000000000036,45.60000000000038,45.300000000000374,27.10000000000012,67.70000000000043,24.50000000000008
643,69.00000000000036,45.70000000000038,45.400000000000375,27.10000000000012,68.1000000000004,24.600000000000083
644,69.10000000000035,45.70000000000038,45.400000000000375,27.30000000000012,68.1000000000004,24.600000000000083
645,69.20000000000034,45.90000000000038,45.400000000000375,27.30000000000012,68.2000000000004,24.600000000000083
646,69.30000000000034,46.100000000000385,45.400000000000375,27.30000000000012,68.3000000000004,24.600000000000083
647,69.70000000000032,46.20000000000039,45.50000000000038,27.400000000000123,68.3000000000004,24.600000000000083
648,69.70000000000032,46.20000000000039,45.50000000000038,27.400000000000123,68.40000000000039,24.700000000000085
649,69.80000000000031,46.40000000000039,45.50000000000038,27.400000000000123,68.50000000000038,24.700000000000085
650,69.9000000000003,46.40000000000039,45.80000000000038,27.400000000000123,68.60000000000038,24.700000000000085
651,70.0000000000003,46.60000000000039,45.80000000000038,27.400000000000123,68.70000000000037,24.700000000000085
652,70.0000000000003,46.700000000000394,45.90000000000038,27.400000000000123,69.00000000000036,24.800000000000086
653,70.10000000000029,46.700000000000394,46.100000000000385,27.400000000000123,69.10000000000035,24.800000000000086
654,70.20000000000029,46.700000000000394,46.100000000000385,27.500000000000124,69.10000000000035,24.800000000000086
655,70.30000000000028,46.9000000000004,46.100000000000385,27.500000000000124,69.20000000000034,24.800000000000086
656,70.30000000000028,46.9000000000004,46.100000000000385,27.500000000000124,69.30000000000034,24.900000000000087
657,70.30000000000028,47.0000000000004,46.20000000000039,27.500000000000124,69.60000000000032,25.00000000000009
658,70.40000000000028,47.3000000000004,46.20000000000039,27.500000000000124,69.70000000000032,25.00000000000009
659,70.50000000000027,47.500000000000405,46.20000000000039,27.500000000000124,69.80000000000031,25.00000000000009
660,70.50000000000027,47.600000000000406,46.30000000000039,27.500000000000124,70.10000000000029,25.10000000000009
661,70.60000000000026,47.600000000000406,46.50000000000039,27.500000000000124,70.20000000000029,25.10000000000009
662,71.00000000000024,47.70000000000041,46.60000000000039,27.600000000000126,70.20000000000029,25.10000000000009
663,71.10000000000024,47.90000000000041,46.60000000000039,27.600000000000126,70.30000000000028,25.10000000000009
664,71.10000000000024,47.90000000000041,46.60000000000039,27.600000000000126,70.40000000000028,25.20000000000009
665,71.20000000000023,47.90000000000041,46.800000000000395,27.600000000000126,70.50000000000027,25.20000000000009
666,71.30000000000022,47.90000000000041,47.0000000000004,27.600000000000126,70.60000000000026,25.20000000000009
667,71.40000000000022,48.10000000000041,47.0000000000004,27.600000000000126,70.70000000000026,25.20000000000009
668,71.50000000000021,48.10000000000041,47.0000000000004,27.80000000000013,70.70000000000026,25.20000000000009
669,71.50000000000021,48.10000000000041,47.0000000000004,27.80000000000013,70.80000000000025,25.300000000000093
670,71.50000000000021,48.200000000000415,47.1000000000004,27.80000000000013,71.10000000000024,25.400000000000095
671,71.8000000000002,48.300000000000416,47.2000000000004,27.90000000000013,71.10000000000024,25.400000000000095
672,71.90000000000019,48.300000000000416,47.400000000000404,27.90000000000013,71.20000000000023,25.400000000000095
673,72.00000000000018,48.300000000000416,47.400000000000404,28.100000000000133,71.20000000000023,25.400000000000095
674,72.10000000000018,48.300000000000416,47.400000000000404,28.300000000000136,71.20000000000023,25.400000000000095
675,72.20000000000017,48.300000000000416,47.600000000000406,28.300000000000136,71.30000000000022,25.400000000000095
676,72.30000000000017,48.300000000000416,47.80000000000041,28.300000000000136,71.40000000000022,25.400000000000095
677,72.40000000000016,48.300000000000416,48.00000000000041,28.300000000000136,71.50000000000021,25.400000000000095
678,72.40000000000016,48.300000000000416,48.00000000000041,28.300000000000136,71.60000000000021,25.500000000000096
679,72.50000000000016,48.300000000000416,48.200000000000415,28.300000000000136,71.7000000000002,25.500000000000096
680,72.60000000000015,48.300000000000416,48.200000000000415,28.400000000000137,71.7000000000002,25.500000000000096
681,72.60000000000015,48.300000000000416,48.200000000000415,28.400000000000137,71.8000000000002,25.600000000000097
682,72.60000000000015,48.300000000000416,48.200000000000415,28.400000000000137,71.90000000000019,25.7000000000001
683,72.70000000000014,48.300000000000416,48.40000000000042,28.400000000000137,72.00000000000018,25.7000000000001
684,73.10000000000012,48.40000000000042,48.50000000000042,28.50000000000014,72.00000000000018,25.7000000000001
685,73.20000000000012,48.60000000000042,48.50000000000042,28.50000000000014,72.10000000000018,25.7000000000001
686,73.5000000000001,48.70000000000042,48.60000000000042,28.60000000000014,72.10000000000018,25.7000000000001
687,73.6000000000001,48.70000000000042,48.60000000000042,28.800000000000143,72.10000000000018,25.7000000000001
688,73.70000000000009,48.70000000000042,48.60000000000042,28.900000000000144,72.10000000000018,25.7000000000001
689,73.80000000000008,48.70000000000042,48.60000000000042,29.100000000000147,72.10000000000018,25.7000000000001
690,73.90000000000008,48.70000000000042,48.60000000000042,29.30000000000015,72.10000000000018,25.7000000000001
691,73.90000000000008,48.70000000000042,48.60000000000042,29.30000000000015,72.20000000000017,25.9000000000001
692,73.90000000000008,48.80000000000042,48.70000000000042,29.30000000000015,72.50000000000016,26.000000000000103
693,74.30000000000005,48.900000000000425,48.80000000000042,29.40000000000015,72.50000000000016,26.000000000000103
694,74.30000000000005,48.900000000000425,48.80000000000042,29.40000000000015,72.60000000000015,26.100000000000104
695,74.40000000000005,48.900000000000425,48.80000000000042,29.500000000000153,72.60000000000015,26.100000000000104
696,74.50000000000004,48.900000000000425,49.000000000000426,29.500000000000153,72.70000000000014,26.100000000000104
697,74.60000000000004,49.20000000000043,49.000000000000426,29.500000000000153,72.80000000000014,26.100000000000104
698,74.70000000000003,49.50000000000043,49.000000000000426,29.500000000000153,72.90000000000013,26.100000000000104
699,74.70000000000003,49.50000000000043,49.000000000000426,29.500000000000153,73.00000000000013,26.200000000000106
700,74.80000000000003,49.50000000000043,49.000000000000426,29.600000000000154,73.00000000000013,26.200000000000106
701,74.80000000000003,49.600000000000435,49.10000000000043,29.600000000000154,73.30000000000011,26.300000000000107
702,74.90000000000002,49.600000000000435,49.30000000000043,29.600000000000154,73.4000000000001,26.300000000000107
703,74.90000000000002,49.600000000000435,49.30000000000043,29.600000000000154,73.5000000000001,26.40000000000011
704,74.90000000000002,49.600000000000435,49.30000000000043,29.600000000000154,73.6000000000001,26.50000000000011
705,75.00000000000001,49.600000000000435,49.50000000000043,29.600000000000154,73.70000000000009,26.50000000000011
706,75.10000000000001,49.600000000000435,49.50000000000043,29.800000000000157,73.70000000000009,26.50000000000011
707,75.10000000000001,49.700000000000436,49.600000000000435,29.800000000000157,74.10000000000007,26.60000000000011
708,75.10000000000001,49.80000000000044,49.700000000000436,29.800000000000157,74.40000000000005,26.700000000000113
709,75.2,49.80000000000044,49.90000000000044,29.800000000000157,74.50000000000004,26.700000000000113
710,75.3,49.80000000000044,50.10000000000044,29.800000000000157,74.60000000000004,26.700000000000113
711,75.3,49.90000000000044,50.20000000000044,29.800000000000157,74.90000000000002,26.800000000000114
712,75.39999999999999,50.10000000000044,50.20000000000044,29.800000000000157,75.00000000000001,26.800000000000114
713,75.49999999999999,50.10000000000044,50.20000000000044,30.00000000000016,75.00000000000001,26.800000000000114
714,75.49999999999999,50.10000000000044,50.20000000000044,30.00000000000016,75.10000000000001,26.900000000000116
715,75.59999999999998,50.300000000000445,50.20000000000044,30.00000000000016,75.2,26.900000000000116
716,75.69999999999997,50.50000000000045,50.20000000000044,30.00000000000016,75.3,26.900000000000116
717,76.09999999999995,50.60000000000045,50.300000000000445,30.10000000000016,75.3,26.900000000000116
718,76.19999999999995,50.60000000000045,50.300000000000445,30.200000000000163,75.3,26.900000000000116
719,76.19999999999995,50.60000000000045,50.300000000000445,30.200000000000163,75.39999999999999,27.000000000000117
720,76.29999999999994,50.60000000000045,50.50000000000045,30.200000000000163,75.49999999999999,27.000000000000117
721,76.29999999999994,50.70000000000045,50.60000000000045,30.200000000000163,75.79999999999997,27.10000000000012
722,76.29999999999994,50.80000000000045,50.70000000000045,30.200000000000163,76.09999999999995,27.20000000000012
723,76.69999999999992,50.90000000000045,50.80000000000045,30.300000000000164,76.09999999999995,27.20000000000012
724,76.9999999999999,51.000000000000455,50.90000000000045,30.400000000000166,76.09999999999995,27.20000000000012
725,76.9999999999999,51.000000000000455,50.90000000000045,30.400000000000166,76.19999999999995,27.30000000000012
726,77.0999999999999,51.000000000000455,51.100000000000456,30.400000000000166,76.29999999999994,27.30000000000012
727,77.19999999999989,51.000000000000455,51.30000000000046,30.400000000000166,76.39999999999993,27.30000000000012
728,77.29999999999988,51.000000000000455,51.30000000000046,30.500000000000167,76.39999999999993,27.30000000000012
729,77.29999999999988,51.000000000000455,51.30000000000046,30.500000000000167,76.49999999999993,27.500000000000124
730,77.39999999999988,51.000000000000455,51.50000000000046,30.500000000000167,76.59999999999992,27.500000000000124
731,77.69999999999986,51.100000000000456,51.60000000000046,30.60000000000017,76.59999999999992,27.500000000000124
732,77.69999999999986,51.20000000000046,51.700000000000465,30.60000000000017,76.9999999999999,27.600000000000126
733,77.69999999999986,51.20000000000046,51.700000000000465,30.60000000000017,77.0999999999999,27.700000000000127
734,77.69999999999986,51.30000000000046,51.800000000000466,30.60000000000017,77.39999999999988,27.80000000000013
735,78.09999999999984,51.40000000000046,51.90000000000047,30.70000000000017,77.39999999999988,27.80000000000013
736,78.19999999999983,51.60000000000046,51.90000000000047,30.70000000000017,77.49999999999987,27.80000000000013
737,78.29999999999983,51.60000000000046,52.20000000000047,30.70000000000017,77.59999999999987,27.80000000000013
738,78.39999999999982,51.60000000000046,52.400000000000475,30.70000000000017,77.69999999999986,27.80000000000013
739,78.39999999999982,51.60000000000046,52.400000000000475,30.70000000000017,77.79999999999986,27.90000000000013
740,78.49999999999982,51.60000000000046,52.400000000000475,30.80000000000017,77.79999999999986,27.90000000000013
741,78.59999999999981,51.800000000000466,52.400000000000475,30.80000000000017,77.89999999999985,27.90000000000013
742,78.6999999999998,51.800000000000466,52.400000000000475,30.900000000000173,77.89999999999985,27.90000000000013
743,78.6999999999998,51.90000000000047,52.500000000000476,30.900000000000173,78.19999999999983,28.00000000000013
744,78.7999999999998,52.10000000000047,52.500000000000476,30.900000000000173,78.29999999999983,28.00000000000013
745,79.09999999999978,52.20000000000047,52.60000000000048,31.000000000000174,78.29999999999983,28.00000000000013
746,79.19999999999978,52.400000000000475,52.60000000000048,31.000000000000174,78.39999999999982,28.00000000000013
747,79.49999999999976,52.500000000000476,52.70000000000048,31.100000000000176,78.39999999999982,28.00000000000013
748,79.79999999999974,52.60000000000048,52.80000000000048,31.200000000000177,78.39999999999982,28.00000000000013
749,79.79999999999974,52.60000000000048,52.80000000000048,31.200000000000177,78.49999999999982,28.200000000000134
750,79.79999999999974,52.70000000000048,52.90000000000048,31.200000000000177,78.7999999999998,28.300000000000136
751,79.79999999999974,52.70000000000048,52.90000000000048,31.200000000000177,78.89999999999979,28.400000000000137
752,79.79999999999974,52.70000000000048,52.90000000000048,31.200000000000177,78.99999999999979,28.50000000000014
753,79.89999999999974,52.70000000000048,53.100000000000485,31.200000000000177,79.09999999999978,28.50000000000014
754,79.89999999999974,52.80000000000048,53.200000000000486,31.200000000000177,79.39999999999976,28.60000000000014
755,79.99999999999973,52.80000000000048,53.40000000000049,31.200000000000177,79.49999999999976,28.60000000000014
756,80.09999999999972,53.100000000000485,53.40000000000049,31.200000000000177,79.59999999999975,28.60000000000014
757,80.4999999999997,53.200000000000486,53.50000000000049,31.30000000000018,79.59999999999975,28.60000000000014
758,80.5999999999997,53.200000000000486,53.50000000000049,31.40000000000018,79.59999999999975,28.60000000000014
759,80.5999999999997,53.200000000000486,53.50000000000049,31.40000000000018,79.69999999999975,28.70000000000014
760,80.69999999999969,53.40000000000049,53.50000000000049,31.40000000000018,79.79999999999974,28.70000000000014
761,80.79999999999968,53.70000000000049,53.50000000000049,31.40000000000018,79.89999999999974,28.70000000000014
762,81.19999999999966,53.800000000000495,53.60000000000049,31.50000000000018,79.89999999999974,28.70000000000014
763,81.29999999999966,54.0000000000005,53.60000000000049,31.50000000000018,79.99999999999973,28.70000000000014
764,81.69999999999963,54.1000000000005,53.70000000000049,31.600000000000183,79.99999999999973,28.70000000000014
765,81.69999999999963,54.1000000000005,53.70000000000049,31.600000000000183,80.09999999999972,28.800000000000143
766,81.79999999999963,54.1000000000005,53.900000000000496,31.600000000000183,80.19999999999972,28.800000000000143
767,81.89999999999962,54.1000000000005,54.1000000000005,31.600000000000183,80.29999999999971,28.800000000000143
768,81.99999999999962,54.1000000000005,54.3000000000005,31.600000000000183,80.39999999999971,28.800000000000143
769,81.99999999999962,54.2000000000005,54.4000000000005,31.600000000000183,80.69999999999969,28.900000000000144
770,81.99999999999962,54.2000000000005,54.4000000000005,31.600000000000183,80.79999999999968,29.000000000000146
771,82.09999999999961,54.2000000000005,54.4000000000005,31.700000000000184,80.79999999999968,29.000000000000146
772,82.49999999999959,54.3000000000005,54.500000000000504,31.800000000000185,80.79999999999968,29.000000000000146
773,82.59999999999958,54.500000000000504,54.500000000000504,31.800000000000185,80.89999999999968,29.000000000000146
774,82.69999999999958,54.80000000000051,54.500000000000504,31.800000000000185,80.99999999999967,29.000000000000146
775,82.69999999999958,54.90000000000051,54.600000000000506,31.800000000000185,81.29999999999966,29.100000000000147
776,82.69999999999958,54.90000000000051,54.600000000000506,31.800000000000185,81.39999999999965,29.20000000000015
777,82.79999999999957,54.90000000000051,54.600000000000506,31.900000000000187,81.39999999999965,29.20000000000015
778,82.79999999999957,55.00000000000051,54.70000000000051,31.900000000000187,81.79999999999963,29.30000000000015
779,82.89999999999957,55.00000000000051,54.70000000000051,32.100000000000186,81.79999999999963,29.30000000000015
780,82.99999999999956,55.00000000000051,54.70000000000051,32.30000000000019,81.79999999999963,29.30000000000015
781,83.09999999999955,55.00000000000051,54.70000000000051,32.40000000000019,81.79999999999963,29.30000000000015
782,83.19999999999955,55.00000000000051,54.90000000000051,32.40000000000019,81.89999999999962,29.30000000000015
783,83.19999999999955,55.10000000000051,55.00000000000051,32.40000000000019,82.1999999999996,29.40000000000015
784,83.19999999999955,55.200000000000514,55.10000000000051,32.40000000000019,82.49999999999959,29.500000000000153
785,83.49999999999953,55.300000000000516,55.200000000000514,32.50000000000019,82.49999999999959,29.500000000000153
786,83.59999999999953,55.300000000000516,55.40000000000052,32.50000000000019,82.59999999999958,29.500000000000153
787,83.69999999999952,55.300000000000516,55.40000000000052,32.60000000000019,82.59999999999958,29.500000000000153
788,83.9999999999995,55.40000000000052,55.50000000000052,32.700000000000195,82.59999999999958,29.500000000000153
789,83.9999999999995,55.40000000000052,55.50000000000052,32.700000000000195,82.69999999999958,29.600000000000154
790,84.0999999999995,55.40000000000052,55.70000000000052,32.700000000000195,82.79999999999957,29.600000000000154
791,84.19999999999949,55.40000000000052,55.70000000000052,32.800000000000196,82.79999999999957,29.600000000000154
792,84.29999999999949,55.60000000000052,55.70000000000052,32.800000000000196,82.89999999999957,29.600000000000154
793,84.39999999999948,55.60000000000052,56.000000000000526,32.800000000000196,82.99999999999956,29.600000000000154
794,84.69999999999946,55.70000000000052,56.10000000000053,32.9000000000002,82.99999999999956,29.600000000000154
795,84.79999999999946,55.70000000000052,56.40000000000053,32.9000000000002,83.09999999999955,29.600000000000154
796,85.09999999999944,55.80000000000052,56.50000000000053,33.0000000000002,83.09999999999955,29.600000000000154
797,85.19999999999943,55.80000000000052,56.50000000000053,33.2000000000002,83.09999999999955,29.600000000000154
798,85.19999999999943,55.80000000000052,56.50000000000053,33.2000000000002,83.19999999999955,29.700000000000156
799,85.19999999999943,55.900000000000524,56.600000000000534,33.2000000000002,83.49999999999953,29.800000000000157
800,85.19999999999943,56.000000000000526,56.700000000000536,33.2000000000002,83.79999999999951,29.90000000000016
801,85.19999999999943,56.10000000000053,56.80000000000054,33.2000000000002,84.0999999999995,30.00000000000016
802,85.29999999999943,56.10000000000053,56.80000000000054,33.400000000000205,84.0999999999995,30.00000000000016
803,85.29999999999943,56.10000000000053,56.80000000000054,33.400000000000205,84.19999999999949,30.10000000000016
804,85.29999999999943,56.20000000000053,56.90000000000054,33.400000000000205,84.59999999999947,30.200000000000163
805,85.39999999999942,56.20000000000053,57.10000000000054,33.400000000000205,84.69999999999946,30.200000000000163
806,85.49999999999942,56.40000000000053,57.10000000000054,33.400000000000205,84.79999999999946,30.200000000000163
807,85.7999999999994,56.50000000000053,57.20000000000054,33.500000000000206,84.79999999999946,30.200000000000163
808,85.7999999999994,56.50000000000053,57.20000000000054,33.500000000000206,84.89999999999945,30.300000000000164
809,86.09999999999938,56.600000000000534,57.300000000000544,33.60000000000021,84.89999999999945,30.300000000000164
810,86.09999999999938,56.700000000000536,57.400000000000546,33.60000000000021,85.19999999999943,30.400000000000166
811,86.09999999999938,56.80000000000054,57.50000000000055,33.60000000000021,85.49999999999942,30.500000000000167
812,86.09999999999938,56.80000000000054,57.50000000000055,33.60000000000021,85.59999999999941,30.60000000000017
813,86.39999999999937,56.90000000000054,57.60000000000055,33.70000000000021,85.59999999999941,30.60000000000017
814,86.39999999999937,57.00000000000054,57.70000000000055,33.70000000000021,85.99999999999939,30.70000000000017
815,86.49999999999936,57.00000000000054,57.90000000000055,33.70000000000021,86.09999999999938,30.70000000000017
816,86.49999999999936,57.10000000000054,58.000000000000554,33.70000000000021,86.39999999999937,30.80000000000017
817,86.59999999999935,57.10000000000054,58.20000000000056,33.70000000000021,86.49999999999936,30.80000000000017
818,86.59999999999935,57.10000000000054,58.20000000000056,33.70000000000021,86.59999999999935,30.900000000000173
819,86.59999999999935,57.10000000000054,58.20000000000056,33.70000000000021,86.69999999999935,31.000000000000174
820,86.89999999999934,57.20000000000054,58.30000000000056,33.80000000000021,86.69999999999935,31.000000000000174
821,86.99999999999933,57.20000000000054,58.50000000000056,33.80000000000021,86.79999999999934,31.000000000000174
822,87.09999999999933,57.20000000000054,58.800000000000566,33.80000000000021,86.89999999999934,31.000000000000174
823,87.19999999999932,57.50000000000055,58.800000000000566,33.80000000000021,86.99999999999933,31.000000000000174
824,87.29999999999932,57.70000000000055,58.800000000000566,33.80000000000021,87.09999999999933,31.000000000000174
825,87.29999999999932,57.80000000000055,58.90000000000057,33.80000000000021,87.39999999999931,31.100000000000176
826,87.29999999999932,57.80000000000055,58.90000000000057,33.80000000000021,87.4999999999993,31.30000000000018
827,87.29999999999932,57.80000000000055,58.90000000000057,33.80000000000021,87.5999999999993,31.40000000000018
828,87.39999999999931,57.80000000000055,59.10000000000057,33.80000000000021,87.69999999999929,31.40000000000018
829,87.4999999999993,57.80000000000055,59.10000000000057,33.90000000000021,87.69999999999929,31.40000000000018
830,87.5999999999993,58.000000000000554,59.10000000000057,33.90000000000021,87.79999999999929,31.40000000000018
831,87.5999999999993,58.000000000000554,59.10000000000057,33.90000000000021,87.89999999999928,31.600000000000183
832,87.69999999999929,58.000000000000554,59.30000000000057,33.90000000000021,87.99999999999928,31.600000000000183
