Line,{'+feminine'},{'-feminine'},set()
0,10.2,10.0,10.0
1,10.299999999999999,10.0,10.0
2,10.399999999999999,10.0,10.0
3,10.599999999999998,10.0,10.0
4,10.599999999999998,10.0,10.0
5,10.699999999999998,10.0,10.0
6,10.799999999999997,10.0,10.0
7,10.799999999999997,10.0,10.0
8,11.099999999999996,10.0,10.0
9,11.099999999999996,10.1,10.0
10,11.099999999999996,10.299999999999999,10.0
11,11.099999999999996,10.399999999999999,10.0
12,11.099999999999996,10.399999999999999,10.0
13,11.099999999999996,10.499999999999998,10.0
14,11.099999999999996,10.599999999999998,10.0
15,11.099999999999996,10.699999999999998,10.0
16,11.199999999999996,10.699999999999998,10.0
17,11.199999999999996,10.699999999999998,10.0
18,11.199999999999996,10.699999999999998,10.0
19,11.299999999999995,10.699999999999998,10.0
20,11.299999999999995,10.899999999999997,10.0
21,11.299999999999995,10.999999999999996,10.0
22,11.499999999999995,10.999999999999996,10.0
23,11.499999999999995,11.099999999999996,10.0
24,11.599999999999994,11.099999999999996,10.0
25,11.599999999999994,11.199999999999996,10.0
26,11.599999999999994,11.199999999999996,10.0
27,11.599999999999994,11.299999999999995,10.0
28,11.599999999999994,11.299999999999995,10.0
29,11.599999999999994,11.399999999999995,10.0
30,11.599999999999994,11.399999999999995,10.0
31,11.699999999999994,11.399999999999995,10.0
32,11.799999999999994,11.399999999999995,10.0
33,11.899999999999993,11.399999999999995,10.0
34,11.899999999999993,11.399999999999995,10.0
35,11.899999999999993,11.399999999999995,10.0
36,11.899999999999993,11.399999999999995,10.0
37,11.899999999999993,11.399999999999995,10.0
38,11.899999999999993,11.599999999999994,10.0
39,11.899999999999993,11.599999999999994,10.0
40,11.999999999999993,11.599999999999994,10.0
41,11.999999999999993,11.599999999999994,10.0
42,11.999999999999993,11.599999999999994,10.0
43,11.999999999999993,11.599999999999994,10.0
44,12.099999999999993,11.599999999999994,10.0
45,12.199999999999992,11.599999999999994,10.0
46,12.299999999999992,11.599999999999994,10.0
47,12.399999999999991,11.599999999999994,10.0
48,12.499999999999991,11.599999999999994,10.0
49,12.59999999999999,11.599999999999994,10.0
50,12.59999999999999,11.599999999999994,10.0
51,12.59999999999999,11.599999999999994,10.0
52,12.59999999999999,11.599999999999994,10.0
53,12.69999999999999,11.599999999999994,10.0
54,12.79999999999999,11.599999999999994,10.0
55,12.79999999999999,11.599999999999994,10.0
56,13.099999999999989,11.599999999999994,10.0
57,13.099999999999989,11.699999999999994,10.0
58,13.099999999999989,11.699999999999994,10.0
59,13.099999999999989,11.799999999999994,10.0
60,13.099999999999989,11.899999999999993,10.0
61,13.099999999999989,11.899999999999993,10.0
62,13.299999999999988,11.899999999999993,10.0
63,13.399999999999988,11.899999999999993,10.0
64,13.399999999999988,11.999999999999993,10.0
65,13.399999999999988,12.099999999999993,10.0
66,13.399999999999988,12.099999999999993,10.0
67,13.699999999999987,12.099999999999993,10.0
68,13.799999999999986,12.099999999999993,10.0
69,14.099999999999985,12.099999999999993,10.0
70,14.099999999999985,12.199999999999992,10.0
71,14.099999999999985,12.299999999999992,10.0
72,14.099999999999985,12.59999999999999,10.0
73,14.099999999999985,12.79999999999999,10.0
74,14.199999999999985,12.79999999999999,10.0
75,14.199999999999985,12.99999999999999,10.0
76,14.199999999999985,13.099999999999989,10.0
77,14.399999999999984,13.099999999999989,10.0
78,14.399999999999984,13.199999999999989,10.0
79,14.399999999999984,13.299999999999988,10.0
80,14.399999999999984,13.599999999999987,10.0
81,14.499999999999984,13.599999999999987,10.0
82,14.699999999999983,13.599999999999987,10.0
83,14.999999999999982,13.599999999999987,10.0
84,15.099999999999982,13.599999999999987,10.0
85,15.099999999999982,13.699999999999987,10.0
86,15.099999999999982,13.799999999999986,10.0
87,15.199999999999982,13.799999999999986,10.0
88,15.199999999999982,13.899999999999986,10.0
89,15.199999999999982,13.999999999999986,10.0
90,15.199999999999982,14.099999999999985,10.0
91,15.199999999999982,14.199999999999985,10.0
92,15.49999999999998,14.199999999999985,10.0
93,15.49999999999998,14.299999999999985,10.0
94,15.49999999999998,14.399999999999984,10.0
95,15.49999999999998,14.499999999999984,10.0
96,15.49999999999998,14.799999999999983,10.0
97,15.49999999999998,14.899999999999983,10.0
98,15.49999999999998,14.899999999999983,10.0
99,15.49999999999998,14.899999999999983,10.0
100,15.49999999999998,14.899999999999983,10.0
101,15.59999999999998,14.899999999999983,10.0
102,15.69999999999998,14.899999999999983,10.0
103,15.79999999999998,14.899999999999983,10.0
104,15.79999999999998,14.899999999999983,10.0
105,15.79999999999998,14.899999999999983,10.0
106,15.899999999999979,14.899999999999983,10.0
107,15.899999999999979,15.099999999999982,10.0
108,15.899999999999979,15.199999999999982,10.0
109,15.899999999999979,15.39999999999998,10.0
110,15.999999999999979,15.39999999999998,10.0
111,16.09999999999998,15.39999999999998,10.0
112,16.09999999999998,15.49999999999998,10.0
113,16.19999999999998,15.49999999999998,10.0
114,16.19999999999998,15.49999999999998,10.0
115,16.399999999999984,15.49999999999998,10.0
116,16.499999999999986,15.49999999999998,10.0
117,16.499999999999986,15.59999999999998,10.0
118,16.499999999999986,15.59999999999998,10.0
119,16.499999999999986,15.69999999999998,10.0
120,16.499999999999986,15.79999999999998,10.0
121,16.499999999999986,15.79999999999998,10.0
122,16.499999999999986,15.899999999999979,10.0
123,16.599999999999987,15.899999999999979,10.0
124,16.599999999999987,15.899999999999979,10.0
125,16.599999999999987,15.899999999999979,10.0
126,16.599999999999987,15.999999999999979,10.0
127,16.599999999999987,16.09999999999998,10.0
128,16.599999999999987,16.299999999999983,10.0
129,16.69999999999999,16.299999999999983,10.0
130,16.999999999999993,16.299999999999983,10.0
131,17.099999999999994,16.299999999999983,10.0
132,17.099999999999994,16.299999999999983,10.0
133,17.4,16.299999999999983,10.0
134,17.5,16.299999999999983,10.0
135,17.5,16.399999999999984,10.0
136,17.6,16.399999999999984,10.0
137,17.800000000000004,16.399999999999984,10.0
138,17.800000000000004,16.399999999999984,10.0
139,17.800000000000004,16.399999999999984,10.0
140,18.10000000000001,16.399999999999984,10.0
141,18.10000000000001,16.69999999999999,10.0
142,18.10000000000001,16.69999999999999,10.0
143,18.10000000000001,16.69999999999999,10.0
144,18.10000000000001,16.79999999999999,10.0
145,18.400000000000013,16.79999999999999,10.0
146,18.600000000000016,16.79999999999999,10.0
147,18.700000000000017,16.79999999999999,10.0
148,18.700000000000017,16.89999999999999,10.0
149,19.00000000000002,16.89999999999999,10.0
150,19.100000000000023,16.89999999999999,10.0
151,19.100000000000023,16.89999999999999,10.0
152,19.100000000000023,16.999999999999993,10.0
153,19.300000000000026,16.999999999999993,10.0
154,19.50000000000003,16.999999999999993,10.0
155,19.60000000000003,16.999999999999993,10.0
156,19.800000000000033,16.999999999999993,10.0
157,19.800000000000033,16.999999999999993,10.0
158,19.900000000000034,16.999999999999993,10.0
159,19.900000000000034,17.099999999999994,10.0
160,19.900000000000034,17.4,10.0
161,19.900000000000034,17.5,10.0
162,19.900000000000034,17.6,10.0
163,19.900000000000034,17.700000000000003,10.0
164,19.900000000000034,17.800000000000004,10.0
165,19.900000000000034,17.900000000000006,10.0
166,20.000000000000036,17.900000000000006,10.0
167,20.000000000000036,18.10000000000001,10.0
168,20.000000000000036,18.400000000000013,10.0
169,20.000000000000036,18.500000000000014,10.0
170,20.000000000000036,18.600000000000016,10.0
171,20.20000000000004,18.600000000000016,10.0
172,20.30000000000004,18.600000000000016,10.0
173,20.40000000000004,18.600000000000016,10.0
174,20.40000000000004,18.700000000000017,10.0
175,20.40000000000004,18.80000000000002,10.0
176,20.500000000000043,18.80000000000002,10.0
177,20.500000000000043,19.00000000000002,10.0
178,20.600000000000044,19.00000000000002,10.0
179,20.600000000000044,19.100000000000023,10.0
180,20.600000000000044,19.400000000000027,10.0
181,20.600000000000044,19.50000000000003,10.0
182,20.800000000000047,19.50000000000003,10.0
183,20.90000000000005,19.50000000000003,10.0
184,20.90000000000005,19.800000000000033,10.0
185,21.00000000000005,19.800000000000033,10.0
186,21.10000000000005,19.800000000000033,10.0
187,21.200000000000053,19.800000000000033,10.0
188,21.200000000000053,19.900000000000034,10.0
189,21.200000000000053,20.20000000000004,10.0
190,21.300000000000054,20.20000000000004,10.0
191,21.400000000000055,20.20000000000004,10.0
192,21.500000000000057,20.20000000000004,10.0
193,21.70000000000006,20.20000000000004,10.0
194,22.000000000000064,20.20000000000004,10.0
195,22.000000000000064,20.500000000000043,10.0
196,22.000000000000064,20.600000000000044,10.0
197,22.100000000000065,20.600000000000044,10.0
198,22.200000000000067,20.600000000000044,10.0
199,22.300000000000068,20.600000000000044,10.0
200,22.40000000000007,20.600000000000044,10.0
201,22.40000000000007,20.700000000000045,10.0
202,22.40000000000007,21.00000000000005,10.0
203,22.50000000000007,21.00000000000005,10.0
204,22.600000000000072,21.00000000000005,10.0
205,22.600000000000072,21.10000000000005,10.0
206,22.600000000000072,21.200000000000053,10.0
207,22.700000000000074,21.200000000000053,10.0
208,22.700000000000074,21.300000000000054,10.0
209,23.000000000000078,21.300000000000054,10.0
210,23.10000000000008,21.300000000000054,10.0
211,23.300000000000082,21.300000000000054,10.0
212,23.500000000000085,21.300000000000054,10.0
213,23.600000000000087,21.300000000000054,10.0
214,23.700000000000088,21.300000000000054,10.0
215,23.80000000000009,21.300000000000054,10.0
216,23.80000000000009,21.400000000000055,10.0
217,23.80000000000009,21.500000000000057,10.0
218,23.90000000000009,21.500000000000057,10.0
219,23.90000000000009,21.60000000000006,10.0
220,24.000000000000092,21.60000000000006,10.0
221,24.300000000000097,21.60000000000006,10.0
222,24.300000000000097,21.80000000000006,10.0
223,24.300000000000097,21.80000000000006,10.0
224,24.6000000000001,21.80000000000006,10.0
225,24.800000000000104,21.80000000000006,10.0
226,24.800000000000104,21.900000000000063,10.0
227,24.900000000000105,21.900000000000063,10.0
228,24.900000000000105,22.000000000000064,10.0
229,24.900000000000105,22.100000000000065,10.0
230,24.900000000000105,22.40000000000007,10.0
231,25.000000000000107,22.40000000000007,10.0
232,25.100000000000108,22.40000000000007,10.0
233,25.20000000000011,22.40000000000007,10.0
234,25.20000000000011,22.50000000000007,10.0
235,25.30000000000011,22.50000000000007,10.0
236,25.600000000000115,22.50000000000007,10.0
237,25.600000000000115,22.700000000000074,10.0
238,25.700000000000117,22.700000000000074,10.0
239,25.700000000000117,23.000000000000078,10.0
240,25.700000000000117,23.000000000000078,10.0
241,25.700000000000117,23.10000000000008,10.0
242,25.700000000000117,23.400000000000084,10.0
243,25.700000000000117,23.600000000000087,10.0
244,25.700000000000117,23.700000000000088,10.0
245,25.90000000000012,23.700000000000088,10.0
246,25.90000000000012,23.90000000000009,10.0
247,26.00000000000012,23.90000000000009,10.0
248,26.300000000000125,23.90000000000009,10.0
249,26.400000000000126,23.90000000000009,10.0
250,26.70000000000013,23.90000000000009,10.0
251,26.800000000000132,23.90000000000009,10.0
252,27.000000000000135,23.90000000000009,10.0
253,27.000000000000135,24.000000000000092,10.0
254,27.000000000000135,24.100000000000094,10.0
255,27.000000000000135,24.100000000000094,10.0
256,27.100000000000136,24.100000000000094,10.0
257,27.100000000000136,24.100000000000094,10.0
258,27.100000000000136,24.400000000000098,10.0
259,27.100000000000136,24.400000000000098,10.0
260,27.100000000000136,24.5000000000001,10.0
261,27.100000000000136,24.6000000000001,10.0
262,27.100000000000136,24.700000000000102,10.0
263,27.200000000000138,24.700000000000102,10.0
264,27.200000000000138,24.800000000000104,10.0
265,27.200000000000138,25.100000000000108,10.0
266,27.500000000000142,25.100000000000108,10.0
267,27.500000000000142,25.30000000000011,10.0
268,27.600000000000144,25.30000000000011,10.0
269,27.600000000000144,25.400000000000112,10.0
270,27.700000000000145,25.400000000000112,10.0
271,27.700000000000145,25.600000000000115,10.0
272,27.700000000000145,25.600000000000115,10.0
273,27.700000000000145,25.600000000000115,10.0
274,28.00000000000015,25.600000000000115,10.0
275,28.10000000000015,25.600000000000115,10.0
276,28.10000000000015,25.800000000000118,10.0
277,28.200000000000152,25.800000000000118,10.0
278,28.500000000000156,25.800000000000118,10.0
279,28.500000000000156,26.100000000000122,10.0
280,28.500000000000156,26.200000000000124,10.0
281,28.500000000000156,26.300000000000125,10.0
282,28.600000000000158,26.300000000000125,10.0
283,28.600000000000158,26.400000000000126,10.0
284,28.70000000000016,26.400000000000126,10.0
285,28.80000000000016,26.400000000000126,10.0
286,29.100000000000165,26.400000000000126,10.0
287,29.40000000000017,26.400000000000126,10.0
288,29.700000000000173,26.400000000000126,10.0
289,29.800000000000175,26.400000000000126,10.0
290,30.000000000000178,26.400000000000126,10.0
291,30.000000000000178,26.500000000000128,10.0
292,30.000000000000178,26.60000000000013,10.0
293,30.10000000000018,26.60000000000013,10.0
294,30.400000000000183,26.60000000000013,10.0
295,30.500000000000185,26.60000000000013,10.0
296,30.700000000000188,26.60000000000013,10.0
297,31.000000000000192,26.60000000000013,10.0
298,31.000000000000192,26.900000000000134,10.0
299,31.100000000000193,26.900000000000134,10.0
300,31.200000000000195,26.900000000000134,10.0
301,31.5000000000002,26.900000000000134,10.0
302,31.5000000000002,27.000000000000135,10.0
303,31.800000000000203,27.000000000000135,10.0
304,31.900000000000205,27.000000000000135,10.0
305,31.900000000000205,27.100000000000136,10.0
306,31.900000000000205,27.200000000000138,10.0
307,32.000000000000206,27.200000000000138,10.0
308,32.10000000000021,27.200000000000138,10.0
309,32.40000000000021,27.200000000000138,10.0
310,32.700000000000216,27.200000000000138,10.0
311,32.700000000000216,27.30000000000014,10.0
312,32.700000000000216,27.40000000000014,10.0
313,32.700000000000216,27.500000000000142,10.0
314,32.700000000000216,27.600000000000144,10.0
315,32.700000000000216,27.700000000000145,10.0
316,33.00000000000022,27.700000000000145,10.0
317,33.00000000000022,28.00000000000015,10.0
318,33.300000000000225,28.00000000000015,10.0
319,33.300000000000225,28.200000000000152,10.0
320,33.60000000000023,28.200000000000152,10.0
321,33.70000000000023,28.200000000000152,10.0
322,33.70000000000023,28.500000000000156,10.0
323,34.000000000000234,28.500000000000156,10.0
324,34.000000000000234,28.500000000000156,10.0
325,34.000000000000234,28.70000000000016,10.0
326,34.000000000000234,28.80000000000016,10.0
327,34.000000000000234,29.000000000000163,10.0
328,34.100000000000236,29.000000000000163,10.0
329,34.20000000000024,29.000000000000163,10.0
330,34.20000000000024,29.300000000000168,10.0
331,34.20000000000024,29.40000000000017,10.0
332,34.20000000000024,29.700000000000173,10.0
333,34.30000000000024,29.700000000000173,10.0
334,34.30000000000024,30.000000000000178,10.0
335,34.30000000000024,30.10000000000018,10.0
336,34.40000000000024,30.10000000000018,10.0
337,34.40000000000024,30.300000000000182,10.0
338,34.700000000000244,30.300000000000182,10.0
339,34.800000000000246,30.300000000000182,10.0
340,35.10000000000025,30.300000000000182,10.0
341,35.10000000000025,30.400000000000183,10.0
342,35.20000000000025,30.400000000000183,10.0
343,35.30000000000025,30.400000000000183,10.0
344,35.400000000000254,30.400000000000183,10.0
345,35.400000000000254,30.500000000000185,10.0
346,35.500000000000256,30.500000000000185,10.0
347,35.500000000000256,30.80000000000019,10.0
348,35.500000000000256,31.000000000000192,10.0
349,35.500000000000256,31.100000000000193,10.0
350,35.500000000000256,31.200000000000195,10.0
351,35.500000000000256,31.5000000000002,10.0
352,35.500000000000256,31.6000000000002,10.0
353,35.500000000000256,31.700000000000202,10.0
354,35.500000000000256,32.000000000000206,10.0
355,35.500000000000256,32.10000000000021,10.0
356,35.500000000000256,32.20000000000021,10.0
357,35.500000000000256,32.30000000000021,10.0
358,35.80000000000026,32.30000000000021,10.0
359,36.100000000000264,32.30000000000021,10.0
360,36.200000000000266,32.30000000000021,10.0
361,36.30000000000027,32.30000000000021,10.0
362,36.40000000000027,32.30000000000021,10.0
363,36.40000000000027,32.40000000000021,10.0
364,36.50000000000027,32.40000000000021,10.0
365,36.60000000000027,32.40000000000021,10.0
366,36.70000000000027,32.40000000000021,10.0
367,36.800000000000274,32.40000000000021,10.0
368,36.800000000000274,32.700000000000216,10.0
369,37.10000000000028,32.700000000000216,10.0
370,37.20000000000028,32.700000000000216,10.0
371,37.30000000000028,32.700000000000216,10.0
372,37.30000000000028,33.00000000000022,10.0
373,37.600000000000286,33.00000000000022,10.0
374,37.600000000000286,33.300000000000225,10.0
375,37.90000000000029,33.300000000000225,10.0
376,37.90000000000029,33.400000000000226,10.0
377,38.00000000000029,33.400000000000226,10.0
378,38.00000000000029,33.50000000000023,10.0
379,38.300000000000296,33.50000000000023,10.0
380,38.300000000000296,33.80000000000023,10.0
381,38.4000000000003,33.80000000000023,10.0
382,38.4000000000003,34.100000000000236,10.0
383,38.5000000000003,34.100000000000236,10.0
384,38.5000000000003,34.20000000000024,10.0
385,38.5000000000003,34.30000000000024,10.0
386,38.5000000000003,34.40000000000024,10.0
387,38.6000000000003,34.40000000000024,10.0
388,38.6000000000003,34.50000000000024,10.0
389,38.7000000000003,34.50000000000024,10.0
390,38.8000000000003,34.50000000000024,10.0
391,38.8000000000003,34.800000000000246,10.0
392,38.900000000000304,34.800000000000246,10.0
393,39.000000000000306,34.800000000000246,10.0
394,39.000000000000306,35.10000000000025,10.0
395,39.30000000000031,35.10000000000025,10.0
396,39.40000000000031,35.10000000000025,10.0
397,39.40000000000031,35.400000000000254,10.0
398,39.50000000000031,35.400000000000254,10.0
399,39.50000000000031,35.500000000000256,10.0
400,39.600000000000314,35.500000000000256,10.0
401,39.600000000000314,35.60000000000026,10.0
402,39.600000000000314,35.70000000000026,10.0
403,39.600000000000314,35.80000000000026,10.0
404,39.600000000000314,35.90000000000026,10.0
405,39.700000000000315,35.90000000000026,10.0
406,40.00000000000032,35.90000000000026,10.0
407,40.10000000000032,35.90000000000026,10.0
408,40.20000000000032,35.90000000000026,10.0
409,40.20000000000032,36.200000000000266,10.0
410,40.300000000000324,36.200000000000266,10.0
411,40.60000000000033,36.200000000000266,10.0
412,40.60000000000033,36.30000000000027,10.0
413,40.70000000000033,36.30000000000027,10.0
414,40.70000000000033,36.40000000000027,10.0
415,41.000000000000334,36.40000000000027,10.0
416,41.30000000000034,36.40000000000027,10.0
417,41.40000000000034,36.40000000000027,10.0
418,41.40000000000034,36.70000000000027,10.0
419,41.40000000000034,36.800000000000274,10.0
420,41.60000000000034,36.800000000000274,10.0
421,41.60000000000034,36.900000000000276,10.0
422,41.60000000000034,37.10000000000028,10.0
423,41.60000000000034,37.20000000000028,10.0
424,41.60000000000034,37.30000000000028,10.0
425,41.60000000000034,37.40000000000028,10.0
426,41.700000000000344,37.40000000000028,10.0
427,41.700000000000344,37.70000000000029,10.0
428,41.700000000000344,37.80000000000029,10.0
429,41.90000000000035,37.80000000000029,10.0
430,41.90000000000035,37.90000000000029,10.0
431,41.90000000000035,38.00000000000029,10.0
432,42.00000000000035,38.00000000000029,10.0
433,42.00000000000035,38.200000000000294,10.0
434,42.30000000000035,38.200000000000294,10.0
435,42.30000000000035,38.5000000000003,10.0
436,42.400000000000354,38.5000000000003,10.0
437,42.400000000000354,38.6000000000003,10.0
438,42.500000000000355,38.6000000000003,10.0
439,42.500000000000355,38.7000000000003,10.0
440,42.70000000000036,38.7000000000003,10.0
441,42.80000000000036,38.7000000000003,10.0
442,42.80000000000036,39.000000000000306,10.0
443,43.100000000000364,39.000000000000306,10.0
444,43.200000000000365,39.000000000000306,10.0
445,43.40000000000037,39.000000000000306,10.0
446,43.70000000000037,39.000000000000306,10.0
447,43.70000000000037,39.10000000000031,10.0
448,43.70000000000037,39.10000000000031,10.0
449,43.70000000000037,39.20000000000031,10.0
450,43.800000000000374,39.20000000000031,10.0
451,43.900000000000375,39.20000000000031,10.0
452,44.00000000000038,39.20000000000031,10.0
453,44.10000000000038,39.20000000000031,10.0
454,44.20000000000038,39.20000000000031,10.0
455,44.500000000000384,39.20000000000031,10.0
456,44.500000000000384,39.40000000000031,10.0
457,44.500000000000384,39.700000000000315,10.0
458,44.500000000000384,39.90000000000032,10.0
459,44.500000000000384,39.90000000000032,10.0
460,44.600000000000385,39.90000000000032,10.0
461,44.600000000000385,40.00000000000032,10.0
462,44.600000000000385,40.10000000000032,10.0
463,44.600000000000385,40.20000000000032,10.0
464,44.600000000000385,40.300000000000324,10.0
465,44.70000000000039,40.300000000000324,10.0
466,44.80000000000039,40.300000000000324,10.0
467,45.00000000000039,40.300000000000324,10.0
468,45.00000000000039,40.50000000000033,10.0
469,45.00000000000039,40.80000000000033,10.0
470,45.00000000000039,40.90000000000033,10.0
471,45.00000000000039,41.000000000000334,10.0
472,45.200000000000394,41.000000000000334,10.0
473,45.200000000000394,41.30000000000034,10.0
474,45.300000000000395,41.30000000000034,10.0
475,45.4000000000004,41.30000000000034,10.0
476,45.4000000000004,41.40000000000034,10.0
477,45.5000000000004,41.40000000000034,10.0
478,45.5000000000004,41.50000000000034,10.0
479,45.5000000000004,41.60000000000034,10.0
480,45.7000000000004,41.60000000000034,10.0
481,45.7000000000004,41.90000000000035,10.0
482,45.8000000000004,41.90000000000035,10.0
483,46.100000000000406,41.90000000000035,10.0
484,46.20000000000041,41.90000000000035,10.0
485,46.50000000000041,41.90000000000035,10.0
486,46.50000000000041,42.00000000000035,10.0
487,46.60000000000041,42.00000000000035,10.0
488,46.60000000000041,42.10000000000035,10.0
489,46.60000000000041,42.400000000000354,10.0
490,46.60000000000041,42.500000000000355,10.0
491,46.60000000000041,42.60000000000036,10.0
492,46.60000000000041,42.70000000000036,10.0
493,46.60000000000041,42.80000000000036,10.0
494,46.90000000000042,42.80000000000036,10.0
495,46.90000000000042,42.90000000000036,10.0
496,47.00000000000042,42.90000000000036,10.0
497,47.00000000000042,43.00000000000036,10.0
498,47.10000000000042,43.00000000000036,10.0
499,47.20000000000042,43.00000000000036,10.0
500,47.400000000000425,43.00000000000036,10.0
501,47.400000000000425,43.100000000000364,10.0
502,47.500000000000426,43.100000000000364,10.0
503,47.80000000000043,43.100000000000364,10.0
504,48.100000000000435,43.100000000000364,10.0
505,48.40000000000044,43.100000000000364,10.0
506,48.40000000000044,43.200000000000365,10.0
507,48.40000000000044,43.40000000000037,10.0
508,48.40000000000044,43.70000000000037,10.0
509,48.70000000000044,43.70000000000037,10.0
510,48.70000000000044,43.800000000000374,10.0
511,48.800000000000445,43.800000000000374,10.0
512,48.900000000000446,43.800000000000374,10.0
513,49.20000000000045,43.800000000000374,10.0
514,49.20000000000045,43.900000000000375,10.0
515,49.500000000000455,43.900000000000375,10.0
516,49.80000000000046,43.900000000000375,10.0
517,50.10000000000046,43.900000000000375,10.0
518,50.10000000000046,44.00000000000038,10.0
519,50.200000000000465,44.00000000000038,10.0
520,50.200000000000465,44.10000000000038,10.0
521,50.300000000000466,44.10000000000038,10.0
522,50.300000000000466,44.20000000000038,10.0
523,50.300000000000466,44.30000000000038,10.0
524,50.300000000000466,44.40000000000038,10.0
525,50.300000000000466,44.500000000000384,10.0
526,50.40000000000047,44.500000000000384,10.0
527,50.50000000000047,44.500000000000384,10.0
528,50.50000000000047,44.80000000000039,10.0
529,50.60000000000047,44.80000000000039,10.0
530,50.70000000000047,44.80000000000039,10.0
531,50.80000000000047,44.80000000000039,10.0
532,51.10000000000048,44.80000000000039,10.0
533,51.20000000000048,44.80000000000039,10.0
534,51.20000000000048,44.90000000000039,10.0
535,51.20000000000048,45.00000000000039,10.0
536,51.20000000000048,45.10000000000039,10.0
537,51.30000000000048,45.10000000000039,10.0
538,51.30000000000048,45.200000000000394,10.0
539,51.30000000000048,45.300000000000395,10.0
540,51.40000000000048,45.300000000000395,10.0
541,51.40000000000048,45.5000000000004,10.0
542,51.40000000000048,45.7000000000004,10.0
543,51.40000000000048,45.900000000000404,10.0
544,51.50000000000048,45.900000000000404,10.0
545,51.80000000000049,45.900000000000404,10.0
546,51.80000000000049,46.20000000000041,10.0
547,51.80000000000049,46.30000000000041,10.0
548,51.80000000000049,46.40000000000041,10.0
549,52.10000000000049,46.40000000000041,10.0
550,52.10000000000049,46.40000000000041,10.0
551,52.20000000000049,46.40000000000041,10.0
552,52.5000000000005,46.40000000000041,10.0
553,52.5000000000005,46.700000000000415,10.0
554,52.5000000000005,46.800000000000416,10.0
555,52.8000000000005,46.800000000000416,10.0
556,52.8000000000005,47.10000000000042,10.0
557,52.9000000000005,47.10000000000042,10.0
558,53.100000000000506,47.10000000000042,10.0
559,53.20000000000051,47.10000000000042,10.0
560,53.40000000000051,47.10000000000042,10.0
561,53.40000000000051,47.400000000000425,10.0
562,53.50000000000051,47.400000000000425,10.0
563,53.50000000000051,47.500000000000426,10.0
564,53.60000000000051,47.500000000000426,10.0
565,53.60000000000051,47.80000000000043,10.0
566,53.60000000000051,47.90000000000043,10.0
567,53.700000000000514,47.90000000000043,10.0
568,53.800000000000516,47.90000000000043,10.0
569,53.800000000000516,48.00000000000043,10.0
570,53.800000000000516,48.30000000000044,10.0
571,53.800000000000516,48.40000000000044,10.0
572,53.800000000000516,48.50000000000044,10.0
573,53.800000000000516,48.70000000000044,10.0
574,54.10000000000052,48.70000000000044,10.0
575,54.10000000000052,48.800000000000445,10.0
576,54.20000000000052,48.800000000000445,10.0
577,54.30000000000052,48.800000000000445,10.0
578,54.30000000000052,48.900000000000446,10.0
579,54.400000000000524,48.900000000000446,10.0
580,54.500000000000526,48.900000000000446,10.0
581,54.500000000000526,49.20000000000045,10.0
582,54.500000000000526,49.500000000000455,10.0
583,54.500000000000526,49.600000000000456,10.0
584,54.500000000000526,49.70000000000046,10.0
585,54.70000000000053,49.70000000000046,10.0
586,54.70000000000053,49.80000000000046,10.0
587,54.70000000000053,49.90000000000046,10.0
588,54.80000000000053,49.90000000000046,10.0
589,54.80000000000053,50.200000000000465,10.0
590,54.90000000000053,50.200000000000465,10.0
591,55.00000000000053,50.200000000000465,10.0
592,55.00000000000053,50.40000000000047,10.0
593,55.100000000000534,50.40000000000047,10.0
594,55.100000000000534,50.50000000000047,10.0
595,55.200000000000536,50.50000000000047,10.0
596,55.30000000000054,50.50000000000047,10.0
597,55.40000000000054,50.50000000000047,10.0
598,55.40000000000054,50.60000000000047,10.0
599,55.40000000000054,50.80000000000047,10.0
600,55.40000000000054,50.900000000000475,10.0
601,55.40000000000054,51.000000000000476,10.0
602,55.50000000000054,51.000000000000476,10.0
603,55.60000000000054,51.000000000000476,10.0
604,55.800000000000544,51.000000000000476,10.0
605,55.800000000000544,51.10000000000048,10.0
606,56.10000000000055,51.10000000000048,10.0
607,56.10000000000055,51.30000000000048,10.0
608,56.20000000000055,51.30000000000048,10.0
609,56.20000000000055,51.40000000000048,10.0
610,56.20000000000055,51.700000000000486,10.0
611,56.20000000000055,51.80000000000049,10.0
612,56.20000000000055,52.10000000000049,10.0
613,56.30000000000055,52.10000000000049,10.0
614,56.30000000000055,52.20000000000049,10.0
615,56.30000000000055,52.5000000000005,10.0
616,56.40000000000055,52.5000000000005,10.0
617,56.40000000000055,52.6000000000005,10.0
618,56.40000000000055,52.8000000000005,10.0
619,56.40000000000055,53.000000000000504,10.0
620,56.600000000000556,53.000000000000504,10.0
621,56.600000000000556,53.100000000000506,10.0
622,56.90000000000056,53.100000000000506,10.0
623,57.00000000000056,53.100000000000506,10.0
624,57.300000000000566,53.100000000000506,10.0
625,57.40000000000057,53.100000000000506,10.0
626,57.50000000000057,53.100000000000506,10.0
627,57.50000000000057,53.20000000000051,10.0
628,57.50000000000057,53.30000000000051,10.0
629,57.50000000000057,53.40000000000051,10.0
630,57.80000000000057,53.40000000000051,10.0
631,57.80000000000057,53.60000000000051,10.0
632,57.80000000000057,53.90000000000052,10.0
633,57.80000000000057,54.00000000000052,10.0
634,58.10000000000058,54.00000000000052,10.0
635,58.10000000000058,54.20000000000052,10.0
636,58.10000000000058,54.500000000000526,10.0
637,58.20000000000058,54.500000000000526,10.0
638,58.20000000000058,54.60000000000053,10.0
639,58.20000000000058,54.90000000000053,10.0
640,58.40000000000058,54.90000000000053,10.0
641,58.50000000000058,54.90000000000053,10.0
642,58.50000000000058,55.00000000000053,10.0
643,58.50000000000058,55.200000000000536,10.0
644,58.600000000000584,55.200000000000536,10.0
645,58.700000000000585,55.200000000000536,10.0
646,58.90000000000059,55.200000000000536,10.0
647,59.00000000000059,55.200000000000536,10.0
648,59.00000000000059,55.30000000000054,10.0
649,59.10000000000059,55.30000000000054,10.0
650,59.10000000000059,55.40000000000054,10.0
651,59.20000000000059,55.40000000000054,10.0
652,59.20000000000059,55.60000000000054,10.0
653,59.20000000000059,55.60000000000054,10.0
654,59.5000000000006,55.60000000000054,10.0
655,59.6000000000006,55.60000000000054,10.0
656,59.6000000000006,55.900000000000546,10.0
657,59.6000000000006,56.20000000000055,10.0
658,59.9000000000006,56.20000000000055,10.0
659,60.000000000000604,56.20000000000055,10.0
660,60.000000000000604,56.30000000000055,10.0
661,60.000000000000604,56.40000000000055,10.0
662,60.100000000000605,56.40000000000055,10.0
663,60.20000000000061,56.40000000000055,10.0
664,60.20000000000061,56.500000000000554,10.0
665,60.20000000000061,56.600000000000556,10.0
666,60.20000000000061,56.70000000000056,10.0
667,60.30000000000061,56.70000000000056,10.0
668,60.60000000000061,56.70000000000056,10.0
669,60.60000000000061,57.00000000000056,10.0
670,60.60000000000061,57.10000000000056,10.0
671,60.700000000000614,57.10000000000056,10.0
672,60.700000000000614,57.200000000000564,10.0
673,60.800000000000615,57.200000000000564,10.0
674,60.90000000000062,57.200000000000564,10.0
675,60.90000000000062,57.300000000000566,10.0
676,60.90000000000062,57.40000000000057,10.0
677,60.90000000000062,57.60000000000057,10.0
678,60.90000000000062,57.80000000000057,10.0
679,60.90000000000062,57.900000000000574,10.0
680,61.00000000000062,57.900000000000574,10.0
681,61.00000000000062,58.000000000000576,10.0
682,61.00000000000062,58.10000000000058,10.0
683,61.10000000000062,58.10000000000058,10.0
684,61.20000000000062,58.10000000000058,10.0
685,61.400000000000624,58.10000000000058,10.0
686,61.500000000000625,58.10000000000058,10.0
687,61.60000000000063,58.10000000000058,10.0
688,61.90000000000063,58.10000000000058,10.0
689,62.00000000000063,58.10000000000058,10.0
690,62.100000000000634,58.10000000000058,10.0
691,62.100000000000634,58.30000000000058,10.0
692,62.100000000000634,58.30000000000058,10.0
693,62.200000000000635,58.30000000000058,10.0
694,62.200000000000635,58.50000000000058,10.0
695,62.40000000000064,58.50000000000058,10.0
696,62.40000000000064,58.600000000000584,10.0
697,62.70000000000064,58.600000000000584,10.0
698,62.800000000000644,58.600000000000584,10.0
699,62.800000000000644,58.90000000000059,10.0
700,62.900000000000645,58.90000000000059,10.0
701,62.900000000000645,59.00000000000059,10.0
702,62.900000000000645,59.10000000000059,10.0
703,62.900000000000645,59.20000000000059,10.0
704,62.900000000000645,59.5000000000006,10.0
705,62.900000000000645,59.6000000000006,10.0
706,63.00000000000065,59.6000000000006,10.0
707,63.00000000000065,59.8000000000006,10.0
708,63.00000000000065,59.9000000000006,10.0
709,63.00000000000065,60.20000000000061,10.0
710,63.00000000000065,60.50000000000061,10.0
711,63.00000000000065,60.60000000000061,10.0
712,63.30000000000065,60.60000000000061,10.0
713,63.600000000000655,60.60000000000061,10.0
714,63.600000000000655,60.700000000000614,10.0
715,63.90000000000066,60.700000000000614,10.0
716,64.20000000000064,60.700000000000614,10.0
717,64.40000000000063,60.700000000000614,10.0
718,64.60000000000062,60.700000000000614,10.0
719,64.60000000000062,61.00000000000062,10.0
720,64.60000000000062,61.30000000000062,10.0
721,64.60000000000062,61.400000000000624,10.0
722,64.60000000000062,61.500000000000625,10.0
723,64.9000000000006,61.500000000000625,10.0
724,65.20000000000059,61.500000000000625,10.0
725,65.20000000000059,61.80000000000063,10.0
726,65.20000000000059,61.90000000000063,10.0
727,65.20000000000059,62.00000000000063,10.0
728,65.30000000000058,62.00000000000063,10.0
729,65.30000000000058,62.100000000000634,10.0
730,65.30000000000058,62.200000000000635,10.0
731,65.40000000000057,62.200000000000635,10.0
732,65.40000000000057,62.30000000000064,10.0
733,65.40000000000057,62.40000000000064,10.0
734,65.40000000000057,62.50000000000064,10.0
735,65.50000000000057,62.50000000000064,10.0
736,65.60000000000056,62.50000000000064,10.0
737,65.60000000000056,62.70000000000064,10.0
738,65.60000000000056,62.800000000000644,10.0
739,65.60000000000056,63.00000000000065,10.0
740,65.70000000000056,63.00000000000065,10.0
741,65.80000000000055,63.00000000000065,10.0
742,66.10000000000053,63.00000000000065,10.0
743,66.10000000000053,63.30000000000065,10.0
744,66.20000000000053,63.30000000000065,10.0
745,66.30000000000052,63.30000000000065,10.0
746,66.40000000000052,63.30000000000065,10.0
747,66.7000000000005,63.30000000000065,10.0
748,66.8000000000005,63.30000000000065,10.0
749,66.8000000000005,63.40000000000065,10.0
750,66.8000000000005,63.600000000000655,10.0
751,66.8000000000005,63.70000000000066,10.0
752,66.8000000000005,63.80000000000066,10.0
753,66.8000000000005,63.90000000000066,10.0
754,66.8000000000005,64.00000000000065,10.0
755,66.8000000000005,64.10000000000065,10.0
756,67.10000000000048,64.10000000000065,10.0
757,67.20000000000047,64.10000000000065,10.0
758,67.30000000000047,64.10000000000065,10.0
759,67.30000000000047,64.30000000000064,10.0
760,67.40000000000046,64.30000000000064,10.0
761,67.70000000000044,64.30000000000064,10.0
762,67.80000000000044,64.30000000000064,10.0
763,67.90000000000043,64.30000000000064,10.0
764,68.20000000000041,64.30000000000064,10.0
765,68.20000000000041,64.40000000000063,10.0
766,68.20000000000041,64.50000000000063,10.0
767,68.20000000000041,64.60000000000062,10.0
768,68.20000000000041,64.70000000000061,10.0
769,68.20000000000041,65.0000000000006,10.0
770,68.20000000000041,65.10000000000059,10.0
771,68.30000000000041,65.10000000000059,10.0
772,68.5000000000004,65.10000000000059,10.0
773,68.60000000000039,65.10000000000059,10.0
774,68.70000000000039,65.10000000000059,10.0
775,68.70000000000039,65.20000000000059,10.0
776,68.70000000000039,65.30000000000058,10.0
777,69.00000000000037,65.30000000000058,10.0
778,69.00000000000037,65.40000000000057,10.0
779,69.30000000000035,65.40000000000057,10.0
780,69.60000000000034,65.40000000000057,10.0
781,69.90000000000032,65.40000000000057,10.0
782,69.90000000000032,65.60000000000056,10.0
783,69.90000000000032,65.70000000000056,10.0
784,69.90000000000032,65.80000000000055,10.0
785,70.00000000000031,65.80000000000055,10.0
786,70.00000000000031,66.10000000000053,10.0
787,70.2000000000003,66.10000000000053,10.0
788,70.3000000000003,66.10000000000053,10.0
789,70.3000000000003,66.20000000000053,10.0
790,70.3000000000003,66.50000000000051,10.0
791,70.40000000000029,66.50000000000051,10.0
792,70.50000000000028,66.50000000000051,10.0
793,70.50000000000028,66.8000000000005,10.0
794,70.70000000000027,66.8000000000005,10.0
795,70.70000000000027,67.00000000000048,10.0
796,70.80000000000027,67.00000000000048,10.0
797,71.10000000000025,67.00000000000048,10.0
798,71.10000000000025,67.30000000000047,10.0
799,71.10000000000025,67.40000000000046,10.0
800,71.10000000000025,67.70000000000044,10.0
801,71.10000000000025,68.00000000000043,10.0
802,71.20000000000024,68.00000000000043,10.0
803,71.20000000000024,68.10000000000042,10.0
804,71.20000000000024,68.30000000000041,10.0
805,71.20000000000024,68.5000000000004,10.0
806,71.30000000000024,68.5000000000004,10.0
807,71.40000000000023,68.5000000000004,10.0
808,71.40000000000023,68.60000000000039,10.0
809,71.50000000000023,68.60000000000039,10.0
810,71.50000000000023,68.90000000000038,10.0
811,71.50000000000023,69.00000000000037,10.0
812,71.50000000000023,69.30000000000035,10.0
813,71.60000000000022,69.30000000000035,10.0
814,71.60000000000022,69.40000000000035,10.0
815,71.60000000000022,69.50000000000034,10.0
816,71.60000000000022,69.60000000000034,10.0
817,71.60000000000022,69.90000000000032,10.0
818,71.60000000000022,70.1000000000003,10.0
819,71.60000000000022,70.2000000000003,10.0
820,71.9000000000002,70.2000000000003,10.0
821,71.9000000000002,70.50000000000028,10.0
822,71.9000000000002,70.60000000000028,10.0
823,72.1000000000002,70.60000000000028,10.0
824,72.20000000000019,70.60000000000028,10.0
825,72.20000000000019,70.90000000000026,10.0
826,72.20000000000019,71.00000000000026,10.0
827,72.20000000000019,71.30000000000024,10.0
828,72.20000000000019,71.60000000000022,10.0
829,72.30000000000018,71.60000000000022,10.0
830,72.60000000000016,71.60000000000022,10.0
831,72.60000000000016,71.80000000000021,10.0
832,72.60000000000016,72.0000000000002,10.0
